1,2,3,4,5,6,7,8,9,10
0.9999996423722521,0.9999998807907247,1.0,1.0,1.0,1.0,1.0,1.0,1.0,1.0
0.999998927117538,1.0,1.0,1.0,1.0,1.0,1.0,1.0,1.0,1.0
0.9999417100552707,0.9999998807907247,1.0,0.9999833109787883,1.0,1.0,1.0,1.0,1.0,1.0
0.999998927117538,0.9999998807907247,1.0,1.0,1.0,1.0,1.0,1.0,1.0,1.0
0.9995694822610254,0.9999998807907247,1.0,1.0,1.0,1.0,0.999998927117538,1.0,1.0,1.0
0.9999833109787883,1.0,1.0,1.0,1.0,1.0,1.0,1.0,1.0,1.0
0.9999545833252356,0.9999997615814777,1.0,1.0,1.0,0.9999994039539004,1.0,1.0,1.0,1.0
0.9999985694905718,0.9999995231630692,1.0,1.0,1.0,1.0,0.9999907017622996,1.0,1.0,1.0
0.9999995231630692,1.0,1.0,1.0,1.0,1.0,1.0,1.0,1.0,0.9999997615814777
0.999925142169393,0.9999998807907247,1.0,0.9999998807907247,1.0,1.0,0.9999241886396754,1.0,1.0,0.9999994039539004
0.9999982118638471,1.0,1.0,1.0,1.0,1.0,1.0,1.0,1.0,1.0
0.9999833109787883,1.0,1.0,1.0,0.9999960661089133,1.0,0.9999997615814777,1.0,1.0,1.0
0.07585817148650026,1.0,1.0,1.0,1.0,1.0,1.0,0.9999998807907247,1.0,0.9999997615814777
0.9999971389852362,1.0,1.0,1.0,1.0,0.9999967813595916,1.0,1.0,0.9999997615814777,1.0
0.999998927117538,1.0,1.0,0.9999971389852362,1.0,1.0,1.0,1.0,1.0,0.9999998807907247
0.9999994039539004,1.0,1.0,1.0,1.0,1.0,1.0,0.9999998807907247,1.0,1.0
0.9999971389852362,1.0,1.0,1.0,1.0,1.0,1.0,1.0,1.0,1.0
0.9999963045256735,1.0,1.0,1.0,1.0,1.0,1.0,1.0,1.0,1.0
0.9999785427891018,1.0,0.9999998807907247,1.0,1.0,1.0,1.0,1.0,1.0,1.0
0.9999996423722521,1.0,0.9999998807907247,1.0,1.0,1.0,1.0,1.0,0.9999692449491794,1.0
0.9999921322487634,1.0,1.0,1.0,1.0,1.0,1.0,1.0,1.0,1.0
0.9999724634116024,1.0,1.0,1.0,1.0,1.0,1.0,1.0,0.9999997615814777,1.0
0.9999996423722521,1.0,1.0,1.0,0.9999995231630692,1.0,0.9999998807907247,1.0,1.0,1.0
0.9999985694905718,0.9999998807907247,1.0,1.0,1.0,1.0,1.0,1.0,1.0,1.0
0.9999985694905718,0.9999998807907247,1.0,1.0,1.0,1.0,1.0,1.0,1.0,1.0
0.9999870063564401,0.9999998807907247,1.0,0.9999998807907247,1.0,1.0,1.0,1.0,1.0,1.0
0.9999991655356624,1.0,1.0,1.0,1.0,1.0,1.0,0.9999998807907247,1.0,1.0
0.9999545833252356,0.9999998807907247,1.0,1.0,1.0,1.0,1.0,1.0,1.0,1.0
0.9999952316511552,1.0,1.0,1.0,1.0,1.0,1.0,1.0,1.0,1.0
0.9999963045256735,1.0,1.0,1.0,1.0,1.0,1.0,1.0,1.0,1.0
0.9999921322487634,0.9999996423722521,1.0,1.0,0.9999955892755635,1.0,1.0,1.0,1.0,1.0
0.9999952316511552,0.9914224771982877,1.0,1.0,1.0,1.0,1.0,1.0,1.0,1.0
0.9999039265409296,0.9999998807907247,0.9999982118638471,1.0,1.0,1.0,1.0,1.0,0.9999998807907247,1.0
0.9984987894978749,1.0,1.0,1.0,1.0,0.9999765163221908,1.0,0.9999994039539004,0.9999998807907247,1.0
0.9999724634116024,0.9999998807907247,1.0,1.0,1.0,1.0,1.0,1.0,1.0,1.0
0.9999724634116024,1.0,1.0,1.0,1.0,1.0,1.0,1.0,1.0,1.0
0.9999977350285647,0.9999997615814777,1.0,1.0,1.0,1.0,0.9999998807907247,1.0,1.0,0.9626708639297782
0.9999997615814777,0.9999998807907247,1.0,1.0,1.0,1.0,1.0,1.0,1.0,1.0
0.9999039265409296,1.0,1.0,1.0,1.0,1.0,1.0,1.0,1.0,0.9999998807907247
0.9975274099865513,1.0,1.0,1.0,1.0,1.0,0.9999965429424904,1.0,1.0,1.0
0.9999991655356624,0.9999785427891018,1.0,1.0,1.0,1.0,1.0,0.9999998807907247,1.0,1.0
0.9999898673126559,1.0,1.0,1.0,1.0,1.0,1.0,1.0,1.0,1.0
0.9999985694905718,0.999998927117538,1.0,1.0,1.0,1.0,1.0,1.0,1.0,1.0
0.999998927117538,0.9999998807907247,1.0,1.0,1.0,1.0,1.0,1.0,1.0,1.0
0.9999724634116024,1.0,0.999998927117538,1.0,1.0,1.0,1.0,1.0,0.9999998807907247,1.0
0.999998927117538,1.0,1.0,1.0,1.0,1.0,1.0,1.0,0.9999998807907247,1.0
0.9999898673126559,0.9999998807907247,1.0,1.0,1.0,1.0,1.0,1.0,1.0,1.0
0.9999971389852362,0.9999963045256735,1.0,1.0,1.0,1.0,1.0,1.0,1.0,1.0
0.999876633606226,1.0,1.0,1.0,1.0,1.0,1.0,1.0,0.9999998807907247,1.0
0.999925142169393,1.0,1.0,1.0,1.0,1.0,1.0,1.0,1.0,1.0
0.9999985694905718,0.9999997615814777,1.0,1.0,1.0,1.0,1.0,0.9999998807907247,1.0,1.0
0.9999977350285647,0.9999998807907247,1.0,1.0,1.0,1.0,1.0,1.0,0.9999963045256735,1.0
0.9999898673126559,0.9999998807907247,1.0,1.0,1.0,1.0,0.9999998807907247,0.9999997615814777,1.0,1.0
0.9998415959451853,1.0,1.0,1.0,1.0,1.0,0.9999998807907247,1.0,0.9999996423722521,1.0
0.9999985694905718,1.0,1.0,1.0,1.0,1.0,1.0,1.0,1.0,1.0
0.9999724634116024,1.0,1.0,1.0,1.0,1.0,1.0,1.0,0.9999977350285647,1.0
0.9999938011552557,1.0,1.0,1.0,1.0,1.0,1.0,1.0,1.0,1.0
0.9999977350285647,1.0,1.0,1.0,1.0,1.0,1.0,1.0,1.0,1.0
0.2689414052760013,0.9999996423722521,1.0,1.0,1.0,1.0,1.0,0.9999946356109105,1.0,1.0
0.9999870063564401,0.9999998807907247,1.0,1.0,1.0,0.999998927117538,1.0,0.9999996423722521,1.0,1.0
0.9999995231630692,1.0,1.0,1.0,1.0,1.0,1.0,0.9999997615814777,1.0,0.9999983310727032
0.999998927117538,1.0,1.0,1.0,1.0,1.0,1.0,1.0,1.0,1.0
0.9999645960934689,0.9999996423722521,1.0,1.0,1.0,0.9999723442092404,1.0,0.9999997615814777,0.9999997615814777,1.0
0.9999963045256735,1.0,1.0,1.0,1.0,1.0,1.0,0.9999998807907247,1.0,1.0
0.999998927117538,0.9999998807907247,1.0,1.0,1.0,1.0,0.9999958276922101,1.0,1.0,1.0
0.9999982118638471,0.9999988079084972,1.0,1.0,1.0,1.0,1.0,1.0,1.0,1.0
0.9999833109787883,1.0,1.0,1.0,1.0,1.0,1.0,1.0,1.0,1.0
0.9999985694905718,1.0,1.0,1.0,1.0,1.0,1.0,1.0,1.0,1.0
0.9999724634116024,1.0,1.0,1.0,1.0,1.0,1.0,1.0,1.0,1.0
0.9999039265409296,1.0,1.0,1.0,1.0,1.0,1.0,1.0,1.0,1.0
0.9999938011552557,1.0,1.0,1.0,1.0,0.9999998807907247,1.0,0.9999829533624089,1.0,1.0
0.9999952316511552,1.0,1.0,1.0,1.0,1.0,1.0,1.0,1.0,1.0
0.9999982118638471,1.0,1.0,1.0,1.0,1.0,1.0,1.0,1.0,1.0
0.9999963045256735,1.0,1.0,1.0,1.0,1.0,1.0,1.0,1.0,1.0
0.9999952316511552,1.0,1.0,1.0,1.0,1.0,1.0,1.0,1.0,1.0
0.9999039265409296,1.0,1.0,1.0,1.0,1.0,1.0,1.0,1.0,1.0
0.9999977350285647,0.9999645960934689,1.0,1.0,1.0,1.0,1.0,1.0,1.0,1.0
0.9999982118638471,1.0,1.0,1.0,1.0,1.0,1.0,1.0,1.0,1.0
0.9999963045256735,1.0,1.0,1.0,1.0,1.0,1.0,1.0,0.9995626932181356,0.9999982118638471
0.9999994039539004,0.9999998807907247,1.0,1.0,1.0,1.0,1.0,1.0,1.0,1.0
0.9999645960934689,1.0,1.0,1.0,1.0,1.0,1.0,1.0,1.0,1.0
0.9999938011552557,0.9999998807907247,1.0,1.0,1.0,1.0,1.0,1.0,0.9999998807907247,1.0
0.9999921322487634,1.0,1.0,1.0,1.0,1.0,1.0,1.0,1.0,1.0
0.9999994039539004,1.0,1.0,1.0,1.0,1.0,1.0,1.0,1.0,1.0
0.9999982118638471,0.9999997615814777,1.0,1.0,0.9999957084838798,1.0,1.0,1.0,1.0,1.0
0.9999833109787883,0.9999998807907247,1.0,1.0,1.0,1.0,1.0,1.0,1.0,1.0
0.9999938011552557,1.0,1.0,1.0,1.0,1.0,1.0,1.0,1.0,1.0
0.9999963045256735,1.0,1.0,1.0,1.0,1.0,1.0,1.0,1.0,1.0
0.9999833109787883,0.9999998807907247,1.0,1.0,1.0,1.0,1.0,1.0,1.0,1.0
0.9999977350285647,0.9999998807907247,1.0,1.0,1.0,1.0,1.0,1.0,1.0,1.0
0.9999996423722521,0.9999998807907247,1.0,1.0,1.0,1.0,1.0,1.0,1.0,1.0
0.09534945969074979,1.0,1.0,1.0,1.0,0.9999980926550052,1.0,0.9999969005680498,1.0,0.9999998807907247
0.999998927117538,1.0,0.9999996423722521,1.0,1.0,1.0,1.0,1.0,1.0,1.0
0.9999921322487634,0.9999979734461775,1.0,1.0,1.0,1.0,1.0,1.0,1.0,1.0
0.9999985694905718,0.9999998807907247,1.0,1.0,1.0,1.0,1.0,0.9999998807907247,1.0,1.0
0.9999417100552707,1.0,1.0,1.0,1.0,1.0,0.9999997615814777,1.0,0.9999992847447459,1.0
0.9999997615814777,1.0,1.0,1.0,1.0,1.0,1.0,0.9999998807907247,0.9999998807907247,0.9999998807907247
0.9999724634116024,1.0,1.0,1.0,0.9999997615814777,1.0,1.0,1.0,1.0,1.0
0.9999898673126559,1.0,1.0,1.0,1.0,1.0,1.0,1.0,1.0,1.0
0.9999985694905718,1.0,1.0,1.0,0.9999997615814777,1.0,0.9999998807907247,1.0,1.0,1.0
0.9999039265409296,0.9999998807907247,1.0,1.0,1.0,1.0,1.0,1.0,1.0,1.0
0.9999898673126559,0.9999998807907247,1.0,1.0,1.0,1.0,1.0,1.0,0.9999997615814777,1.0
0.9988304957495425,1.0,1.0,1.0,1.0,1.0,1.0,0.9999996423722521,1.0,1.0
0.11920291248514252,1.0,1.0,1.0,1.0,1.0,1.0,1.0,1.0,0.9999998807907247
0.9999994039539004,1.0,1.0,1.0,1.0,1.0,1.0,1.0,1.0,1.0
0.9999971389852362,1.0,1.0,1.0,1.0,1.0,0.9999995231630692,1.0,1.0,1.0
0.9996646575567589,0.9999998807907247,1.0,1.0,1.0,1.0,1.0,1.0,1.0,1.0
0.9999645960934689,1.0,1.0,1.0,1.0,1.0,1.0,1.0,1.0,0.9999967813595916
0.9999870063564401,0.9999998807907247,1.0,1.0,1.0,1.0,1.0,1.0,0.9999997615814777,1.0
0.9999971389852362,1.0,1.0,1.0,1.0,1.0,1.0,1.0,1.0,0.9999997615814777
0.9999645960934689,0.9999998807907247,1.0,1.0,1.0,1.0,1.0,1.0,0.9999998807907247,1.0
0.9999991655356624,1.0,1.0,1.0,1.0,1.0,1.0,1.0,1.0,1.0
0.9999898673126559,1.0,1.0,1.0,1.0,1.0,1.0,1.0,1.0,1.0
0.9999545833252356,1.0,1.0,0.9999998807907247,1.0,1.0,1.0,1.0,0.9999878408000585,1.0
0.999998927117538,1.0,0.999995112442896,1.0,1.0,1.0,1.0,1.0,0.9999991655356624,0.0015007804299673358
0.9999985694905718,0.9999996423722521,1.0,1.0,1.0,1.0,1.0,0.9999997615814777,0.9999996423722521,1.0
0.9999963045256735,1.0,0.9999994039539004,1.0,0.9999997615814777,1.0,1.0,0.9999998807907247,1.0,1.0
0.9999545833252356,0.9999885560391694,1.0,0.9999393261531683,1.0,1.0,1.0,1.0,1.0,1.0
0.9999994039539004,0.9999998807907247,1.0,1.0,1.0,1.0,1.0,1.0,1.0,1.0
0.999998927117538,0.9999998807907247,1.0,1.0,1.0,1.0,1.0,1.0,1.0,1.0
0.999925142169393,1.0,1.0,1.0,1.0,1.0,1.0,1.0,1.0,1.0
0.9999985694905718,1.0,1.0,1.0,1.0,0.9999969005680498,1.0,1.0,1.0,1.0
0.9999971389852362,1.0,0.9999998807907247,1.0,1.0,1.0,1.0,1.0,1.0,1.0
0.9999995231630692,1.0,1.0,1.0,1.0,0.9999998807907247,1.0,1.0,1.0,1.0
0.9999417100552707,1.0,1.0,1.0,1.0,1.0,1.0,1.0,1.0,1.0
0.9999724634116024,1.0,1.0,1.0,1.0,1.0,1.0,1.0,1.0,1.0
0.9999991655356624,0.9999997615814777,0.9999998807907247,1.0,1.0,1.0,1.0,0.9999997615814777,1.0,1.0
0.9999977350285647,1.0,1.0,1.0,1.0,1.0,1.0,1.0,1.0,0.9999998807907247
0.999998927117538,1.0,1.0,1.0,1.0,1.0,1.0,1.0,1.0,1.0
0.9999995231630692,0.9999997615814777,0.9999970197767496,1.0,1.0,1.0,1.0,1.0,1.0,0.9999924898711537
0.999998927117538,0.9999995231630692,1.0,1.0,1.0,1.0,1.0,0.9999982118638471,1.0,1.0
0.9998415959451853,0.9999991655356624,1.0,1.0,1.0,1.0,1.0,1.0,1.0,1.0
0.9999995231630692,1.0,1.0,1.0,1.0,1.0,0.9999998807907247,1.0,1.0,1.0
0.9999985694905718,0.9999996423722521,1.0,1.0,0.9999998807907247,1.0,0.9999810460826691,1.0,1.0,1.0
0.9988304957495425,0.9999996423722521,1.0,1.0,1.0,0.9999997615814777,1.0,1.0,1.0,1.0
0.9990889988442552,1.0,1.0,1.0,1.0,1.0,1.0,1.0,0.9999998807907247,1.0
0.9999952316511552,0.9999998807907247,1.0,1.0,1.0,1.0,0.9999998807907247,1.0,1.0,1.0
0.9999985694905718,0.9999998807907247,1.0,1.0,1.0,1.0,1.0,0.9999365846769599,1.0,1.0
0.9999991655356624,0.9999998807907247,1.0,0.9999980926550052,1.0,1.0,1.0,1.0,1.0,1.0
0.9997965511486372,1.0,1.0,1.0,1.0,1.0,1.0,0.9999998807907247,1.0,1.0
0.9999977350285647,0.9999998807907247,1.0,1.0,1.0,0.9999998807907247,1.0,1.0,1.0,0.9999998807907247
0.9999898673126559,0.9999998807907247,1.0,1.0,1.0,1.0,0.9999960661089133,1.0,1.0,1.0
0.9999971389852362,1.0,0.9999995231630692,1.0,1.0,1.0,1.0,1.0,1.0,1.0
0.999925142169393,1.0,1.0,1.0,1.0,1.0,1.0,0.9999947548186582,1.0,1.0
0.9999952316511552,1.0,1.0,1.0,1.0,0.9999998807907247,0.9999997615814777,1.0,1.0,1.0
0.9999994039539004,1.0,1.0,1.0,1.0,1.0,1.0,1.0,1.0,0.9999996423722521
0.9999977350285647,1.0,1.0,1.0,1.0,1.0,1.0,1.0,1.0,1.0
0.9999645960934689,0.9999990463265931,1.0,1.0,1.0,1.0,1.0,1.0,1.0,1.0
0.9998415959451853,1.0,1.0,0.9999997615814777,1.0,1.0,0.9999998807907247,1.0,0.9999996423722521,1.0
0.9999982118638471,0.9999998807907247,1.0,1.0,1.0,1.0,1.0,1.0,1.0,0.9999997615814777
0.9999991655356624,1.0,0.9999998807907247,1.0,1.0,1.0,1.0,1.0,1.0,1.0
0.999998927117538,1.0,1.0,0.9999501729989247,1.0,1.0,1.0,1.0,1.0,1.0
0.9999870063564401,1.0,0.9999998807907247,1.0,1.0,1.0,1.0,1.0,1.0,1.0
0.9999870063564401,1.0,1.0,1.0,1.0,1.0,1.0,1.0,1.0,0.9999998807907247
0.999998927117538,1.0,1.0,1.0,1.0,1.0,1.0,0.9999998807907247,1.0,0.9999641192914955
0.9999921322487634,0.9999998807907247,1.0,1.0,1.0,1.0,1.0,1.0,1.0,1.0
0.9999645960934689,0.9999996423722521,1.0,1.0,0.9999867679437158,1.0,1.0,1.0,1.0,1.0
0.9999645960934689,1.0,1.0,1.0,0.9999997615814777,1.0,1.0,0.9999949932351057,1.0,1.0
0.9999785427891018,1.0,1.0,1.0,0.9999991655356624,1.0,0.9999967813595916,1.0,1.0,1.0
0.9975274099865513,1.0,1.0,1.0,1.0,1.0,1.0,1.0,1.0,1.0
0.9999991655356624,1.0,1.0,1.0,1.0,1.0,1.0,0.9999980926550052,1.0,1.0
0.9996646575567589,1.0,1.0,1.0,1.0,1.0,1.0,1.0,1.0,1.0
0.9999971389852362,0.9999996423722521,1.0,1.0,0.9999961853172863,1.0,1.0,1.0,1.0,1.0
0.9999982118638471,1.0,1.0,1.0,1.0,1.0,1.0,0.9999998807907247,1.0,1.0
0.9999724634116024,1.0,1.0,1.0,1.0,1.0,1.0,1.0,1.0,1.0
0.9999995231630692,0.9999996423722521,1.0,1.0,1.0,1.0,1.0,1.0,1.0,1.0
0.9999991655356624,1.0,1.0,1.0,0.9999980926550052,1.0,1.0,1.0,1.0,1.0
0.9999921322487634,1.0,1.0,1.0,1.0,1.0,1.0,0.9999986886995842,1.0,1.0
0.9999963045256735,0.9999998807907247,1.0,1.0,1.0,1.0,0.9999998807907247,1.0,1.0,1.0
0.9999985694905718,1.0,1.0,1.0,1.0,1.0,0.9999998807907247,1.0,1.0,1.0
0.9999982118638471,1.0,1.0,1.0,1.0,1.0,0.9999908209686689,1.0,1.0,1.0
0.999998927117538,0.9999998807907247,1.0,1.0,0.9999998807907247,1.0,0.9999785427891018,1.0,1.0,1.0
0.9999994039539004,0.9999998807907247,1.0,1.0,1.0,1.0,1.0,1.0,1.0,1.0
0.9999991655356624,0.9999998807907247,1.0,1.0,1.0,1.0,1.0,1.0,1.0,1.0
0.9999921322487634,1.0,1.0,0.9999848606494245,1.0,1.0,1.0,1.0,1.0,1.0
0.9999963045256735,1.0,1.0,1.0,1.0,1.0,1.0,1.0,1.0,1.0
0.9999985694905718,0.9999996423722521,1.0,1.0,1.0,1.0,0.9999998807907247,0.9999998807907247,1.0,1.0
0.9999724634116024,1.0,1.0,1.0,1.0,1.0,1.0,1.0,1.0,1.0
0.9999997615814777,0.9999996423722521,1.0,1.0,1.0,1.0,1.0,1.0,1.0,1.0
0.9999991655356624,0.9999997615814777,1.0,1.0,1.0,1.0,1.0,1.0,1.0,0.9999980926550052
0.9999977350285647,1.0,1.0,1.0,1.0,1.0,1.0,1.0,1.0,1.0
0.9999971389852362,1.0,1.0,1.0,1.0,1.0,1.0,1.0,1.0,1.0
0.9999921322487634,1.0,1.0,1.0,1.0,1.0,1.0,1.0,1.0,1.0
0.9999994039539004,1.0,1.0,1.0,0.9999994039539004,1.0,1.0,1.0,1.0,1.0
0.9999982118638471,0.9999997615814777,1.0,1.0,1.0,1.0,1.0,1.0,1.0,1.0
0.9999952316511552,1.0,1.0,1.0,1.0,1.0,1.0,0.9999997615814777,1.0,1.0
0.9999785427891018,1.0,1.0,1.0,1.0,1.0,1.0,1.0,1.0,1.0
0.9999971389852362,1.0,1.0,1.0,1.0,1.0,1.0,1.0,1.0,1.0
0.9999898673126559,1.0,1.0,1.0,1.0,1.0,1.0,1.0,1.0,1.0
0.9999921322487634,0.9999998807907247,1.0,1.0,1.0,1.0,1.0,1.0,1.0,0.9999996423722521
0.9999833109787883,0.9999938011552557,1.0,1.0,1.0,1.0,1.0,1.0,1.0,1.0
0.9999898673126559,0.9999988079084972,1.0,1.0,1.0,0.9999884368330701,1.0,1.0,1.0,1.0
0.999998927117538,0.9999996423722521,1.0,1.0,1.0,1.0,1.0,1.0,1.0,1.0
0.9999545833252356,0.9999998807907247,1.0,1.0,1.0,1.0,1.0,1.0,1.0,1.0
0.060086648833494447,1.0,1.0,1.0,1.0,1.0,1.0,1.0,1.0,0.9999839070045525
0.9999645960934689,1.0,1.0,1.0,1.0,1.0,1.0,1.0,1.0,1.0
0.9999898673126559,1.0,1.0,1.0,1.0,1.0,1.0,1.0,1.0,1.0
0.9994471746722718,1.0,1.0,1.0,1.0,1.0,0.9999998807907247,1.0,1.0,1.0
0.9999982118638471,0.9999997615814777,1.0,1.0,1.0,1.0,1.0,0.9999996423722521,1.0,1.0
0.999925142169393,1.0,1.0,1.0,1.0,1.0,1.0,1.0,1.0,1.0
0.9999977350285647,0.9999997615814777,1.0,1.0,1.0,1.0,1.0,1.0,1.0,1.0
0.9999977350285647,0.9999997615814777,0.9999998807907247,1.0,1.0,1.0,1.0,1.0,1.0,1.0
0.9999870063564401,1.0,1.0,1.0,1.0,1.0,0.9999998807907247,1.0,1.0,1.0
0.9999938011552557,1.0,0.9999996423722521,1.0,1.0,1.0,1.0,1.0,1.0,1.0
0.999998927117538,0.9999997615814777,1.0,1.0,1.0,1.0,1.0,1.0,1.0,0.9999998807907247
0.9999971389852362,1.0,1.0,1.0,1.0,0.9999998807907247,1.0,0.9999997615814777,1.0,0.9999998807907247
0.9999645960934689,1.0,1.0,1.0,1.0,1.0,1.0,1.0,0.9999998807907247,0.9999998807907247
0.9997387615048174,0.9999998807907247,1.0,1.0,1.0,1.0,1.0,0.9999996423722521,1.0,1.0
0.9999724634116024,1.0,1.0,1.0,1.0,1.0,1.0,1.0,1.0,1.0
0.9999977350285647,1.0,1.0,1.0,1.0,1.0,1.0,1.0,1.0,1.0
0.9999870063564401,1.0,1.0,1.0,1.0,1.0,1.0,1.0,1.0,1.0
0.9999977350285647,1.0,1.0,1.0,1.0,1.0,1.0,1.0,1.0,1.0
0.9999898673126559,0.9999998807907247,1.0,1.0,1.0,1.0,1.0,1.0,0.9999997615814777,1.0
0.9999724634116024,0.9999997615814777,1.0,1.0,1.0,1.0,0.9999998807907247,1.0,0.9999817613105537,1.0
0.9999963045256735,1.0,1.0,1.0,1.0,1.0,0.9999998807907247,1.0,1.0,1.0
0.9999870063564401,0.9999998807907247,1.0,1.0,1.0,1.0,1.0,1.0,1.0,1.0
0.9999785427891018,1.0,1.0,1.0,1.0,1.0,1.0,1.0,1.0,1.0
0.9999985694905718,1.0,1.0,1.0,1.0,1.0,1.0,1.0,0.9999998807907247,1.0
0.9999994039539004,0.9999988079084972,1.0,1.0,1.0,1.0,1.0,1.0,0.9999994039539004,1.0
0.9999938011552557,0.9999998807907247,1.0,0.9999996423722521,0.9999998807907247,1.0,1.0,1.0,1.0,1.0
0.9999971389852362,1.0,1.0,1.0,1.0,1.0,1.0,1.0,0.001926653405448505,1.0
0.999998927117538,1.0,1.0,1.0,1.0,1.0,1.0,1.0,1.0,1.0
0.9999977350285647,1.0,1.0,1.0,1.0,1.0,1.0,1.0,1.0,0.9995166016970053
0.9999785427891018,1.0,1.0,1.0,1.0,1.0,1.0,0.9999996423722521,0.9999998807907247,1.0
0.9998415959451853,1.0,1.0,1.0,1.0,1.0,1.0,1.0,1.0,1.0
0.9999039265409296,0.9999998807907247,1.0,1.0,1.0,1.0,1.0,1.0,1.0,1.0
0.9999982118638471,1.0,1.0,1.0,1.0,0.9999995231630692,1.0,1.0,1.0,1.0
0.9999785427891018,0.9999992847447459,1.0,1.0,1.0,1.0,1.0,1.0,1.0,1.0
0.9999645960934689,0.9999995231630692,1.0,1.0,1.0,1.0,1.0,1.0,1.0,1.0
0.9999545833252356,1.0,1.0,1.0,1.0,1.0,1.0,0.9999997615814777,1.0,1.0
0.9999645960934689,1.0,1.0,1.0,1.0,1.0,1.0,1.0,1.0,1.0
0.9999833109787883,1.0,1.0,1.0,1.0,1.0,1.0,1.0,0.9999998807907247,1.0
0.999998927117538,1.0,1.0,1.0,1.0,0.9999998807907247,1.0,1.0,1.0,1.0
0.9999870063564401,1.0,0.9999998807907247,1.0,1.0,1.0,1.0,0.9999998807907247,1.0,1.0
0.9999985694905718,1.0,1.0,1.0,1.0,1.0,1.0,1.0,0.9999996423722521,1.0
0.9999724634116024,0.9999921322487634,1.0,1.0,1.0,0.9999990463265931,1.0,1.0,0.9999985694905718,1.0
0.9999870063564401,1.0,1.0,1.0,1.0,1.0,1.0,1.0,1.0,0.9999997615814777
0.9999921322487634,1.0,1.0,1.0,1.0,1.0,1.0,1.0,1.0,0.9999997615814777
0.9999971389852362,0.9999958276922101,1.0,1.0,1.0,1.0,0.9999994039539004,1.0,1.0,1.0
0.9999982118638471,1.0,1.0,1.0,1.0,1.0,1.0,1.0,1.0,1.0
0.9999952316511552,0.9999998807907247,0.9999980926550052,1.0,1.0,1.0,1.0,1.0,1.0,1.0
0.9999898673126559,1.0,1.0,1.0,1.0,1.0,0.9999998807907247,1.0,1.0,1.0
0.9999833109787883,1.0,0.9999998807907247,1.0,1.0,1.0,1.0,1.0,1.0,1.0
0.9994471746722718,0.9999997615814777,1.0,1.0,1.0,1.0,1.0,1.0,1.0,1.0
0.9999785427891018,1.0,1.0,1.0,1.0,1.0,1.0,0.9999998807907247,1.0,1.0
0.9999985694905718,1.0,0.9999996423722521,1.0,1.0,1.0,1.0,1.0,1.0,1.0
0.9999994039539004,0.9999994039539004,1.0,1.0,1.0,1.0,1.0,1.0,1.0,1.0
0.9999921322487634,1.0,1.0,1.0,1.0,1.0,1.0,1.0,1.0,1.0
0.999925142169393,1.0,1.0,1.0,1.0,1.0,1.0,1.0,1.0,0.9999997615814777
0.9999995231630692,0.9999998807907247,1.0,1.0,1.0,1.0,1.0,0.9999971389852362,1.0,0.9999996423722521
0.9999545833252356,1.0,1.0,1.0,1.0,1.0,1.0,0.9999995231630692,1.0,1.0
0.9999952316511552,1.0,1.0,1.0,1.0,1.0,1.0,0.9999977350285647,1.0,1.0
0.9999938011552557,0.9999997615814777,0.9999998807907247,1.0,1.0,1.0,0.9999998807907247,1.0,0.9999997615814777,0.9999998807907247
0.9999982118638471,1.0,1.0,1.0,1.0,1.0,1.0,0.9999996423722521,1.0,1.0
0.999998927117538,1.0,1.0,1.0,1.0,0.9999980926550052,1.0,1.0,1.0,1.0
0.9999921322487634,1.0,1.0,1.0,1.0,1.0,1.0,1.0,1.0,1.0
0.9984987894978749,0.9999985694905718,1.0,1.0,1.0,1.0,1.0,1.0,1.0,1.0
0.9999833109787883,1.0,1.0,1.0,1.0,1.0,1.0,1.0,1.0,1.0
0.9999833109787883,0.9999979734461775,1.0,1.0,1.0,1.0,1.0,1.0,1.0,0.9999998807907247
0.9999833109787883,0.9999996423722521,1.0,1.0,1.0,1.0,1.0,0.00020342646013480465,1.0,1.0
0.9999977350285647,1.0,1.0,1.0,1.0,1.0,0.9999922514562126,1.0,0.9999998807907247,1.0
0.999876633606226,1.0,1.0,1.0,1.0,1.0,1.0,1.0,1.0,1.0
0.9999645960934689,0.9999998807907247,1.0,1.0,1.0,1.0,1.0,1.0,1.0,1.0
0.9999997615814777,0.9999996423722521,1.0,0.9999998807907247,1.0,1.0,1.0,1.0,1.0,1.0
0.9999982118638471,1.0,1.0,1.0,1.0,1.0,1.0,1.0,1.0,1.0
0.9999977350285647,1.0,1.0,1.0,1.0,1.0,0.9999976158197796,1.0,1.0,1.0
0.9999985694905718,1.0,0.9999994039539004,1.0,1.0,1.0,1.0,0.9999985694905718,1.0,1.0
0.9999982118638471,1.0,1.0,1.0,1.0,1.0,1.0,1.0,1.0,1.0
0.9999952316511552,1.0,1.0,1.0,1.0,1.0,1.0,1.0,1.0,0.9999998807907247
0.9999994039539004,1.0,1.0,1.0,1.0,1.0,1.0,0.9999998807907247,1.0,1.0
0.9999982118638471,1.0,1.0,1.0,1.0,1.0,1.0,1.0,1.0,1.0
0.9999921322487634,0.9999998807907247,1.0,1.0,1.0,1.0,1.0,0.9999996423722521,1.0,0.9999997615814777
0.9999963045256735,1.0,1.0,1.0,1.0,1.0,1.0,1.0,0.9999996423722521,1.0
0.9999898673126559,0.9999997615814777,1.0,1.0,1.0,1.0,1.0,0.9999994039539004,1.0,1.0
0.9999938011552557,0.9999984502816872,1.0,0.9999952316511552,1.0,1.0,1.0,1.0,1.0,1.0
0.9999785427891018,1.0,1.0,1.0,1.0,1.0,1.0,1.0,1.0,0.9999998807907247
0.999876633606226,1.0,1.0,1.0,1.0,0.9999997615814777,1.0,1.0,1.0,1.0
0.9999991655356624,1.0,0.9999998807907247,1.0,1.0,1.0,1.0,1.0,1.0,1.0
0.9999724634116024,1.0,1.0,1.0,1.0,1.0,1.0,1.0,1.0,1.0
0.9999952316511552,1.0,1.0,1.0,1.0,1.0,1.0,1.0,0.9999990463265931,1.0
0.999998927117538,0.9999996423722521,1.0,1.0,1.0,1.0,1.0,1.0,1.0,1.0
0.9999921322487634,1.0,1.0,1.0,1.0,1.0,1.0,0.9999963045256735,1.0,1.0
0.9999724634116024,1.0,1.0,1.0,1.0,1.0,1.0,1.0,1.0,1.0
0.9999898673126559,0.9999998807907247,1.0,1.0,1.0,1.0,1.0,1.0,1.0,1.0
0.9999971389852362,1.0,1.0,1.0,1.0,1.0,1.0,1.0,0.9999964237340748,1.0
0.9999985694905718,1.0,0.9999998807907247,1.0,1.0,1.0,1.0,0.9999738938465109,1.0,1.0
0.9999724634116024,0.9999998807907247,1.0,1.0,1.0,1.0,1.0,0.9999998807907247,1.0,1.0
0.9999963045256735,1.0,1.0,1.0,1.0,1.0,1.0,1.0,1.0,1.0
0.9999921322487634,1.0,1.0,1.0,1.0,1.0,1.0,1.0,1.0,1.0
0.9999971389852362,0.9999998807907247,1.0,1.0,1.0,1.0,1.0,1.0,1.0,1.0
0.9999991655356624,0.9999998807907247,1.0,1.0,1.0,1.0,0.9999997615814777,1.0,1.0,0.9999997615814777
0.9999991655356624,1.0,1.0,1.0,1.0,1.0,1.0,1.0,1.0,0.9999996423722521
0.9999985694905718,0.9999998807907247,1.0,1.0,1.0,0.9999998807907247,1.0,1.0,1.0,1.0
0.9999977350285647,1.0,1.0,1.0,1.0,1.0,1.0,1.0,1.0,1.0
0.9999417100552707,0.9999998807907247,1.0,1.0,1.0,1.0,1.0,0.9999983310727032,1.0,1.0
0.9999982118638471,0.9999985694905718,1.0,1.0,1.0,1.0,1.0,1.0,1.0,1.0
0.9999985694905718,0.9999998807907247,1.0,1.0,1.0,1.0,1.0,1.0,1.0,1.0
0.999998927117538,1.0,0.9999997615814777,1.0,1.0,1.0,1.0,1.0,1.0,1.0
0.9999963045256735,1.0,0.9999998807907247,1.0,1.0,1.0,1.0,1.0,1.0,1.0
0.9999545833252356,0.9999998807907247,1.0,1.0,1.0,1.0,1.0,1.0,1.0,1.0
0.9999645960934689,1.0,1.0,1.0,1.0,1.0,1.0,1.0,1.0,0.9999997615814777
0.9999977350285647,0.9999996423722521,1.0,1.0,1.0,1.0,0.9999990463265931,1.0,0.9999998807907247,0.9999986886995842
0.999998927117538,0.9999998807907247,1.0,1.0,1.0,1.0,1.0,1.0,1.0,1.0
0.999925142169393,1.0,1.0,1.0,1.0,1.0,1.0,0.9999998807907247,1.0,1.0
0.9999971389852362,0.9999998807907247,1.0,1.0,1.0,1.0,1.0,1.0,1.0,1.0
0.9999963045256735,1.0,1.0,1.0,1.0,1.0,0.9999735362389561,0.9999990463265931,1.0,1.0
0.9999985694905718,1.0,1.0,1.0,1.0,1.0,1.0,1.0,1.0,1.0
0.9999997615814777,1.0,1.0,1.0,1.0,1.0,1.0,1.0,0.9999985694905718,1.0
0.9999982118638471,1.0,1.0,1.0,1.0,0.9999995231630692,1.0,0.9999976158197796,0.9999996423722521,1.0
0.9998415959451853,1.0,1.0,1.0,1.0,1.0,1.0,1.0,0.9999998807907247,1.0
0.9999977350285647,0.9999998807907247,1.0,1.0,1.0,1.0,1.0,1.0,1.0,1.0
0.9999982118638471,1.0,1.0,1.0,1.0,1.0,1.0,1.0,1.0,1.0
0.9996646575567589,0.9999992847447459,1.0,1.0,1.0,1.0,0.9999337240286982,1.0,0.9999994039539004,1.0
0.9999785427891018,1.0,1.0,0.9999494578154603,1.0,1.0,1.0,1.0,1.0,0.9999994039539004
0.9984987894978749,0.9999995231630692,1.0,1.0,1.0,1.0,1.0,1.0,1.0,1.0
0.9998415959451853,0.9999971389852362,1.0,1.0,1.0,1.0,1.0,1.0,1.0,1.0
0.9999991655356624,1.0,1.0,1.0,0.9999905825550351,1.0,1.0,1.0,1.0,1.0
0.9999898673126559,0.9999998807907247,1.0,1.0,1.0,1.0,1.0,1.0,0.9999998807907247,1.0
0.9999982118638471,0.9999998807907247,1.0,1.0,1.0,1.0,1.0,1.0,1.0,1.0
0.9999982118638471,1.0,1.0,1.0,1.0,1.0,1.0,0.9999991655356624,0.9999998807907247,1.0
0.9999985694905718,1.0,0.9999998807907247,1.0,1.0,1.0,1.0,1.0,1.0,1.0
0.9999785427891018,1.0,1.0,1.0,1.0,1.0,0.9999998807907247,1.0,1.0,1.0
0.9999833109787883,0.9999998807907247,1.0,0.9999969005680498,1.0,1.0,0.9999998807907247,1.0,1.0,1.0
0.9999645960934689,0.9999998807907247,1.0,1.0,1.0,1.0,1.0,1.0,1.0,1.0
0.9999963045256735,0.9999982118638471,1.0,1.0,1.0,1.0,1.0,1.0,0.9999771123402672,1.0
0.9992903742048809,0.999998927117538,1.0,1.0,1.0,1.0,1.0,1.0,1.0,1.0
0.9999645960934689,1.0,0.9999998807907247,1.0,1.0,1.0,1.0,1.0,1.0,1.0
0.9999833109787883,0.9999997615814777,1.0,1.0,1.0,1.0,1.0,1.0,0.9999995231630692,1.0
0.9999870063564401,0.9999998807907247,1.0,1.0,1.0,1.0,1.0,0.9999997615814777,1.0,1.0
0.9999938011552557,1.0,1.0,1.0,1.0,1.0,1.0,1.0,1.0,1.0
0.9999991655356624,1.0,1.0,1.0,1.0,1.0,1.0,1.0,1.0,0.9999998807907247
0.9999724634116024,1.0,1.0,1.0,1.0,0.9999994039539004,1.0,1.0,1.0,0.9999996423722521
0.9999971389852362,0.9999998807907247,1.0,1.0,1.0,1.0,1.0,1.0,1.0,1.0
0.9999921322487634,1.0,1.0,1.0,0.9999998807907247,1.0,1.0,1.0,0.9999986886995842,1.0
0.9999982118638471,0.9999998807907247,1.0,0.9999998807907247,1.0,1.0,1.0,0.9999979734461775,1.0,1.0
0.9999833109787883,1.0,1.0,1.0,1.0,0.9999997615814777,1.0,1.0,1.0,1.0
0.9999977350285647,1.0,1.0,1.0,1.0,1.0,1.0,1.0,1.0,1.0
0.9999833109787883,1.0,1.0,1.0,1.0,1.0,1.0,0.9999992847447459,0.999993205116773,1.0
0.9999039265409296,0.9999997615814777,1.0,1.0,1.0,1.0,1.0,1.0,0.9999992847447459,1.0
0.9999977350285647,0.9999998807907247,1.0,1.0,1.0,1.0,1.0,1.0,1.0,0.9999991655356624
0.9999985694905718,0.9999998807907247,1.0,1.0,1.0,1.0,1.0,1.0,1.0,1.0
0.9999971389852362,1.0,0.9975251564193274,1.0,1.0,1.0,1.0,0.9999998807907247,0.9999998807907247,1.0
0.9999971389852362,0.9999998807907247,1.0,1.0,1.0,1.0,1.0,1.0,1.0,1.0
0.9999938011552557,0.9999998807907247,1.0,1.0,1.0,1.0,0.9999998807907247,1.0,0.9999973774024795,1.0
0.9999977350285647,1.0,0.9999997615814777,1.0,1.0,1.0,1.0,1.0,1.0,1.0
0.9999952316511552,0.9999930859092101,1.0,1.0,1.0,1.0,0.9998414767838852,1.0,1.0,1.0
0.9999952316511552,0.029312232836486894,1.0,1.0,1.0,1.0,1.0,1.0,1.0,1.0
0.9999724634116024,1.0,1.0,1.0,1.0,1.0,1.0,1.0,1.0,1.0
0.9995694822610254,1.0,1.0,1.0,1.0,1.0,1.0,1.0,1.0,1.0
0.9999994039539004,0.9999997615814777,1.0,1.0,1.0,0.9999672185211188,1.0,1.0,1.0,1.0
0.9999977350285647,1.0,1.0,1.0,0.999991297797926,1.0,1.0,1.0,1.0,1.0
0.9999898673126559,0.9999998807907247,1.0,1.0,0.9999994039539004,1.0,1.0,1.0,1.0,1.0
0.9999545833252356,0.9999997615814777,1.0,1.0,1.0,1.0,1.0,1.0,1.0,1.0
0.9999952316511552,0.9999982118638471,1.0,1.0,1.0,1.0,1.0,1.0,1.0,1.0
0.9999833109787883,1.0,1.0,1.0,1.0,1.0,1.0,1.0,1.0,1.0
0.9999545833252356,1.0,1.0,1.0,1.0,1.0,1.0,1.0,1.0,0.9999995231630692
0.9999985694905718,1.0,1.0,1.0,1.0,1.0,1.0,1.0,1.0,1.0
0.9999039265409296,1.0,0.9999997615814777,1.0,1.0,0.9999992847447459,1.0,1.0,1.0,1.0
0.9999417100552707,1.0,1.0,1.0,1.0,1.0,1.0,1.0,1.0,1.0
0.9999982118638471,0.9999998807907247,0.9999998807907247,0.9999997615814777,1.0,1.0,1.0,1.0,1.0,1.0
0.9999785427891018,1.0,1.0,1.0,1.0,1.0,1.0,1.0,1.0,1.0
0.9999870063564401,1.0,1.0,1.0,1.0,1.0,1.0,1.0,0.9999991655356624,1.0
0.9992903742048809,1.0,1.0,1.0,1.0,1.0,1.0,1.0,1.0,1.0
0.9999963045256735,1.0,0.9999971389852362,1.0,1.0,1.0,1.0,1.0,0.9999992847447459,1.0
0.9999982118638471,1.0,1.0,1.0,1.0,1.0,0.9999995231630692,1.0,1.0,1.0
0.9999996423722521,0.9999997615814777,1.0,1.0,1.0,1.0,1.0,1.0,0.9999996423722521,1.0
0.9999977350285647,0.9999998807907247,1.0,1.0,1.0,1.0,1.0,1.0,1.0,1.0
0.999998927117538,0.9999998807907247,1.0,1.0,1.0,1.0,1.0,1.0,1.0,1.0
0.9999898673126559,1.0,1.0,1.0,1.0,1.0,1.0,0.9999998807907247,1.0,1.0
0.9999545833252356,1.0,1.0,1.0,1.0,1.0,1.0,1.0,1.0,1.0
0.9999982118638471,0.9999998807907247,1.0,1.0,1.0,1.0,1.0,1.0,1.0,1.0
0.9999417100552707,1.0,1.0,1.0,1.0,1.0,1.0,1.0,1.0,1.0
0.9999833109787883,1.0,1.0,1.0,1.0,1.0,1.0,1.0,1.0,1.0
0.999998927117538,0.9999998807907247,1.0,1.0,1.0,1.0,0.9999961853172863,1.0,1.0,1.0
0.9999921322487634,1.0,1.0,1.0,1.0,1.0,1.0,1.0,1.0,1.0
0.999998927117538,0.9999994039539004,1.0,1.0,1.0,1.0,1.0,0.9999998807907247,1.0,0.999997854237364
0.9999971389852362,1.0,1.0,1.0,1.0,1.0,1.0,0.9999967813595916,1.0,1.0
0.9999952316511552,0.9999998807907247,1.0,1.0,1.0,1.0,1.0,1.0,1.0,1.0
0.9999870063564401,0.9999988079084972,1.0,1.0,1.0,1.0,1.0,1.0,1.0,1.0
0.9999963045256735,1.0,1.0,1.0,1.0,1.0,1.0,1.0,1.0,1.0
0.9999898673126559,1.0,1.0,1.0,1.0,1.0,1.0,1.0,1.0,1.0
0.9999938011552557,1.0,1.0,0.999997854237364,1.0,1.0,1.0,0.9999997615814777,1.0,1.0
0.9999971389852362,0.9999998807907247,1.0,1.0,1.0,1.0,1.0,1.0,1.0,1.0
0.9999982118638471,1.0,1.0,1.0,1.0,1.0,1.0,1.0,1.0,1.0
0.9999870063564401,1.0,0.9999933243243502,1.0,1.0,1.0,1.0,1.0,1.0,1.0
0.9999991655356624,1.0,1.0,1.0,1.0,1.0,1.0,1.0,1.0,1.0
0.9999039265409296,1.0,1.0,1.0,1.0,1.0,1.0,1.0,0.9999998807907247,1.0
0.9999977350285647,0.9999997615814777,1.0,1.0,0.9999389685688888,1.0,1.0,1.0,1.0,1.0
0.9999991655356624,1.0,1.0,1.0,1.0,0.9999998807907247,1.0,1.0,1.0,1.0
0.9999991655356624,1.0,1.0,1.0,1.0,1.0,1.0,1.0,1.0,1.0
0.9999545833252356,1.0,1.0,1.0,1.0,1.0,1.0,1.0,1.0,1.0
0.9994471746722718,1.0,1.0,1.0,1.0,1.0,1.0,0.9999998807907247,1.0,1.0
0.9984987894978749,0.9999998807907247,1.0,1.0,1.0,1.0,1.0,1.0,1.0,1.0
0.999998927117538,1.0,1.0,1.0,1.0,1.0,1.0,1.0,0.9999991655356624,0.9999991655356624
0.9999985694905718,1.0,1.0,0.9999998807907247,1.0,1.0,1.0,0.9999991655356624,1.0,1.0
0.9999985694905718,1.0,1.0,1.0,1.0,1.0,1.0,1.0,1.0,0.9999998807907247
0.9999996423722521,1.0,1.0,1.0,1.0,1.0,1.0,1.0,1.0,1.0
0.9999982118638471,0.9999998807907247,1.0,1.0,1.0,1.0,1.0,1.0,1.0,1.0
0.9999982118638471,1.0,1.0,1.0,1.0,1.0,1.0,1.0,1.0,1.0
0.9999833109787883,1.0,1.0,1.0,1.0,1.0,1.0,1.0,0.9999998807907247,1.0
0.9999898673126559,1.0,1.0,1.0,1.0,1.0,1.0,1.0,1.0,0.9999998807907247
0.9999994039539004,1.0,1.0,1.0,1.0,0.9999997615814777,1.0,1.0,1.0,1.0
0.9999833109787883,0.9999963045256735,1.0,1.0,1.0,1.0,1.0,0.9999977350285647,1.0,0.9999998807907247
0.9999724634116024,1.0,1.0,1.0,1.0,1.0,0.9999998807907247,1.0,1.0,1.0
0.9999938011552557,0.9999998807907247,1.0,1.0,1.0,1.0,1.0,1.0,1.0,1.0
0.9999963045256735,1.0,1.0,1.0,1.0,1.0,1.0,0.9999998807907247,1.0,1.0
0.9999971389852362,1.0,1.0,1.0,0.9999990463265931,0.9999922514562126,1.0,1.0,1.0,1.0
0.9999985694905718,0.9999998807907247,1.0,1.0,1.0,1.0,1.0,1.0,1.0,1.0
0.9999645960934689,1.0,1.0,1.0,0.9999997615814777,1.0,1.0,1.0,1.0,1.0
0.9999785427891018,0.9999998807907247,1.0,1.0,1.0,1.0,1.0,0.999940756491565,1.0,1.0
0.9999996423722521,0.9999930859092101,1.0,1.0,1.0,1.0,1.0,0.9999874831811497,1.0,1.0
0.999998927117538,1.0,1.0,1.0,1.0,1.0,0.9999998807907247,1.0,1.0,1.0
0.9999991655356624,0.9999998807907247,1.0,1.0,1.0,1.0,1.0,1.0,1.0,1.0
0.9990889988442552,1.0,1.0,1.0,1.0,1.0,1.0,1.0,1.0,1.0
0.999998927117538,0.9999998807907247,1.0,1.0,1.0,1.0,1.0,1.0,1.0,1.0
0.9999971389852362,0.9999998807907247,1.0,1.0,1.0,1.0,0.9999997615814777,1.0,1.0,1.0
0.9999785427891018,1.0,1.0,1.0,1.0,1.0,1.0,0.9999976158197796,1.0,1.0
0.9999545833252356,0.9999994039539004,1.0,1.0,1.0,1.0,1.0,1.0,0.9999997615814777,1.0
0.9999724634116024,0.9999997615814777,1.0,1.0,1.0,1.0,1.0,1.0,1.0,1.0
0.9999833109787883,1.0,1.0,1.0,1.0,1.0,1.0,1.0,1.0,1.0
0.9999921322487634,1.0,1.0,1.0,1.0,1.0,1.0,1.0,1.0,1.0
0.9999985694905718,1.0,1.0,1.0,1.0,1.0,1.0,1.0,1.0,1.0
0.999998927117538,0.9999997615814777,1.0,1.0,1.0,1.0,1.0,1.0,1.0,1.0
0.9999952316511552,0.9999998807907247,1.0,1.0,1.0,1.0,1.0,1.0,1.0,1.0
0.9999985694905718,1.0,1.0,1.0,1.0,1.0,1.0,1.0,1.0,1.0
0.9999971389852362,1.0,1.0,1.0,1.0,1.0,1.0,1.0,0.9958803598501947,1.0
0.9999938011552557,1.0,1.0,1.0,1.0,1.0,1.0,1.0,1.0,1.0
0.9999938011552557,1.0,1.0,1.0,1.0,1.0,1.0,1.0,1.0,1.0
0.9999898673126559,1.0,1.0,1.0,1.0,1.0,1.0,1.0,1.0,1.0
0.9999994039539004,0.9999998807907247,1.0,1.0,1.0,1.0,1.0,1.0,0.9999926090786457,1.0
0.9999991655356624,0.9999998807907247,1.0,1.0,1.0,1.0,1.0,1.0,0.9999998807907247,1.0
0.9997965511486372,0.9999997615814777,1.0,1.0,1.0,1.0,1.0,1.0,1.0,1.0
0.9980732443617326,1.0,1.0,1.0,0.9999996423722521,1.0,1.0,1.0,1.0,1.0
0.9999724634116024,1.0,1.0,1.0,1.0,1.0,1.0,1.0,1.0,1.0
0.9999985694905718,0.9999998807907247,1.0,1.0,1.0,1.0,1.0,1.0,1.0,1.0
0.9999985694905718,0.9999998807907247,1.0,1.0,1.0,1.0,1.0,1.0,1.0,1.0
0.9999982118638471,1.0,1.0,1.0,1.0,1.0,1.0,1.0,1.0,1.0
0.9999952316511552,0.9999992847447459,1.0,1.0,1.0,1.0,1.0,1.0,1.0,1.0
0.9999977350285647,1.0,1.0,1.0,1.0,1.0,1.0,0.9999998807907247,0.008533006688097223,1.0
0.9999833109787883,1.0,1.0,1.0,1.0,1.0,1.0,1.0,1.0,1.0
0.9999898673126559,0.9999994039539004,1.0,1.0,1.0,1.0,1.0,1.0,1.0,1.0
0.9990889988442552,0.9999997615814777,1.0,1.0,1.0,1.0,1.0,0.9999977350285647,1.0,1.0
0.9999833109787883,1.0,1.0,1.0,1.0,1.0,0.9999886752461923,1.0,1.0,1.0
0.9999971389852362,0.9999998807907247,1.0,1.0,1.0,1.0,1.0,1.0,1.0,1.0
0.9999963045256735,0.9999996423722521,1.0,1.0,1.0,1.0,1.0,1.0,1.0,1.0
0.9999417100552707,0.9999998807907247,1.0,1.0,1.0,1.0,1.0,1.0,0.9999992847447459,1.0
0.9999724634116024,0.9999998807907247,1.0,1.0,1.0,1.0,1.0,1.0,0.9999998807907247,1.0
0.9999545833252356,1.0,0.9999998807907247,1.0,1.0,1.0,1.0,1.0,1.0,1.0
0.9999645960934689,1.0,1.0,1.0,1.0,1.0,1.0,1.0,1.0,0.9399133253553882
0.9999963045256735,1.0,1.0,1.0,1.0,1.0,1.0,1.0,1.0,1.0
0.9999417100552707,0.9999997615814777,1.0,1.0,1.0,1.0,1.0,0.9999998807907247,1.0,1.0
0.9984987894978749,0.9999995231630692,1.0,1.0,1.0,1.0,1.0,1.0,1.0,1.0
0.9999985694905718,0.9999998807907247,1.0,1.0,1.0,1.0,1.0,1.0,0.9999997615814777,1.0
0.9999952316511552,1.0,1.0,1.0,1.0,1.0,1.0,1.0,1.0,1.0
0.9999952316511552,1.0,1.0,1.0,1.0,1.0,1.0,1.0,1.0,0.9999954700677164
0.9999952316511552,1.0,1.0,1.0,1.0,1.0,1.0,1.0,1.0,1.0
0.9999971389852362,1.0,1.0,1.0,1.0,1.0,1.0,1.0,1.0,1.0
0.9999898673126559,0.9999992847447459,0.9999849798550975,1.0,1.0,1.0,1.0,1.0,1.0,0.9999997615814777
0.9999417100552707,1.0,1.0,1.0,1.0,1.0,1.0,1.0,1.0,1.0
0.9999977350285647,1.0,1.0,1.0,1.0,1.0,1.0,1.0,1.0,1.0
0.9999991655356624,1.0,0.9999998807907247,1.0,1.0,1.0,1.0,0.9999039265409296,1.0,0.9999996423722521
0.9999545833252356,1.0,1.0,1.0,1.0,1.0,1.0,1.0,1.0,1.0
0.9999938011552557,1.0,0.9999997615814777,1.0,1.0,1.0,1.0,1.0,1.0,1.0
0.9999991655356624,1.0,1.0,1.0,1.0,1.0,1.0,1.0,1.0,1.0
0.9999985694905718,1.0,1.0,1.0,1.0,1.0,1.0,1.0,1.0,1.0
0.9999985694905718,0.9999998807907247,1.0,1.0,1.0,1.0,1.0,0.9999986886995842,1.0,1.0
0.9999724634116024,0.9999998807907247,1.0,1.0,1.0,1.0,1.0,0.9999998807907247,1.0,1.0
0.9999833109787883,0.9999938011552557,1.0,1.0,1.0,1.0,1.0,1.0,0.9999998807907247,1.0
0.9999985694905718,1.0,0.9999998807907247,1.0,1.0,1.0,1.0,1.0,1.0,1.0
0.9984987894978749,0.9999998807907247,1.0,1.0,1.0,1.0,1.0,1.0,0.9999998807907247,1.0
0.9999982118638471,1.0,1.0,1.0,1.0,1.0,1.0,0.9999998807907247,1.0,1.0
0.9999833109787883,0.9999998807907247,1.0,1.0,1.0,1.0,1.0,1.0,1.0,0.9999977350285647
0.9999991655356624,1.0,1.0,1.0,1.0,1.0,1.0,1.0,1.0,1.0
0.9975274099865513,0.9999998807907247,0.9999997615814777,1.0,1.0,1.0,1.0,0.9999995231630692,0.9999996423722521,1.0
0.9999952316511552,1.0,1.0,1.0,1.0,1.0,1.0,1.0,1.0,1.0
0.9999833109787883,0.9999996423722521,1.0,1.0,1.0,1.0,1.0,1.0,1.0,1.0
0.999998927117538,0.9999998807907247,1.0,1.0,1.0,1.0,0.9999974966112362,0.9999998807907247,1.0,1.0
0.9999963045256735,1.0,1.0,1.0,1.0,1.0,1.0,1.0,1.0,1.0
0.9999982118638471,0.9999997615814777,1.0,1.0,1.0,0.9999998807907247,1.0,0.9999904633477849,1.0,1.0
0.9999785427891018,0.9999921322487634,1.0,1.0,1.0,1.0,1.0,1.0,0.9999977350285647,0.9999998807907247
0.9999545833252356,1.0,1.0,1.0,1.0,1.0,1.0,1.0,1.0,1.0
0.9999870063564401,0.9999952316511552,1.0,1.0,1.0,1.0,1.0,1.0,1.0,1.0
0.9999921322487634,1.0,1.0,1.0,1.0,1.0,1.0,1.0,1.0,0.9999991655356624
0.9999952316511552,0.9999979734461775,1.0,1.0,1.0,1.0,1.0,1.0,1.0,1.0
0.999925142169393,1.0,1.0,1.0,1.0,1.0,1.0,1.0,1.0,1.0
0.9999545833252356,0.9999998807907247,1.0,1.0,1.0,1.0,1.0,1.0,0.9999997615814777,1.0
0.9999982118638471,1.0,1.0,1.0,1.0,1.0,1.0,1.0,0.9999998807907247,1.0
0.9999938011552557,1.0,1.0,1.0,1.0,1.0,1.0,1.0,1.0,1.0
0.9999985694905718,1.0,1.0,1.0,1.0,1.0,1.0,1.0,0.9999729402230112,1.0
0.999998927117538,1.0,0.9999992847447459,1.0,1.0,1.0,1.0,1.0,1.0,1.0
0.9999998807907247,1.0,0.9999998807907247,0.9999998807907247,1.0,1.0,0.9999998807907247,0.9998673376650645,1.0,1.0
0.9999985694905718,1.0,1.0,1.0,1.0,1.0,1.0,1.0,1.0,1.0
0.9999724634116024,1.0,1.0,1.0,1.0,1.0,0.9999997615814777,1.0,1.0,1.0
0.9999982118638471,1.0,1.0,1.0,1.0,0.9999886752461923,1.0,0.9999681721318864,1.0,1.0
0.9999645960934689,1.0,1.0,1.0,1.0,1.0,1.0,1.0,1.0,1.0
0.9999982118638471,1.0,1.0,1.0,1.0,1.0,1.0,1.0,1.0,1.0
0.9999963045256735,0.9999998807907247,1.0,1.0,1.0,1.0,1.0,1.0,0.9999995231630692,1.0
0.9999982118638471,0.9999984502816872,1.0,1.0,0.9999998807907247,1.0,1.0,1.0,0.9999916554191085,1.0
0.9999417100552707,0.9999998807907247,1.0,1.0,1.0,1.0,1.0,1.0,1.0,1.0
0.9999963045256735,1.0,1.0,1.0,1.0,1.0,1.0,1.0,0.9999998807907247,1.0
0.9999870063564401,1.0,1.0,1.0,1.0,1.0,1.0,1.0,0.9999998807907247,1.0
0.9999982118638471,1.0,1.0,1.0,1.0,1.0,0.8175716410144892,1.0,1.0,0.9999998807907247
0.9999833109787883,0.9999645960934689,1.0,1.0,1.0,1.0,1.0,1.0,1.0,1.0
0.9999417100552707,1.0,1.0,1.0,1.0,1.0,1.0,1.0,1.0,1.0
0.9999985694905718,0.9999985694905718,1.0,1.0,1.0,1.0,1.0,1.0,1.0,1.0
0.9990889988442552,0.9999997615814777,1.0,1.0,1.0,1.0,1.0,1.0,1.0,1.0
0.9999833109787883,1.0,0.9999992847447459,1.0,1.0,1.0,0.9999998807907247,0.9999998807907247,0.9999038073576505,0.9999901057270286
0.9999982118638471,1.0,1.0,1.0,1.0,1.0,1.0,1.0,1.0,1.0
0.999998927117538,0.9999998807907247,1.0,1.0,1.0,1.0,1.0,1.0,0.9999998807907247,1.0
0.9997387615048174,0.9999991655356624,1.0,1.0,1.0,1.0,0.9999991655356624,1.0,1.0,1.0
0.9999417100552707,0.9999998807907247,1.0,1.0,1.0,1.0,1.0,0.9999998807907247,1.0,1.0
0.9999724634116024,1.0,1.0,1.0,1.0,1.0,1.0,0.9999997615814777,1.0,1.0
0.9999833109787883,1.0,1.0,1.0,1.0,1.0,1.0,1.0,1.0,1.0
0.9999991655356624,0.9999990463265931,1.0,0.9999994039539004,1.0,1.0,1.0,1.0,1.0,1.0
0.9999833109787883,1.0,1.0,1.0,1.0,1.0,1.0,0.9999986886995842,1.0,1.0
0.9992903742048809,1.0,0.9999998807907247,1.0,1.0,1.0,1.0,0.9999995231630692,1.0,1.0
0.9999898673126559,0.9999997615814777,1.0,1.0,1.0,1.0,1.0,1.0,1.0,1.0
0.9999039265409296,1.0,1.0,1.0,1.0,1.0,1.0,1.0,1.0,0.9999998807907247
0.9999985694905718,1.0,0.9999998807907247,1.0,1.0,1.0,1.0,1.0,1.0,1.0
0.9999994039539004,0.9999998807907247,0.9999998807907247,0.9999997615814777,1.0,1.0,1.0,0.9999952316511552,1.0,1.0
0.9999938011552557,1.0,1.0,1.0,1.0,1.0,1.0,1.0,1.0,1.0
0.9999982118638471,1.0,1.0,1.0,1.0,1.0,1.0,0.9999998807907247,1.0,1.0
0.9999994039539004,1.0,1.0,1.0,1.0,1.0,1.0,1.0,1.0,1.0
0.9999785427891018,1.0,1.0,1.0,1.0,1.0,1.0,1.0,1.0,0.9999998807907247
0.999998927117538,1.0,1.0,1.0,1.0,1.0,1.0,0.9999885560391694,1.0,1.0
0.9999991655356624,0.9999997615814777,1.0,1.0,0.9999997615814777,1.0,1.0,1.0,1.0,1.0
0.9999985694905718,1.0,1.0,1.0,1.0,1.0,1.0,1.0,1.0,1.0
0.9999898673126559,1.0,1.0,1.0,1.0,1.0,1.0,1.0,1.0,1.0
0.9997387615048174,1.0,0.9999998807907247,1.0,1.0,1.0,1.0,1.0,1.0,1.0
0.9999985694905718,1.0,1.0,1.0,1.0,1.0,1.0,1.0,1.0,1.0
0.9999952316511552,1.0,1.0,1.0,1.0,1.0,1.0,1.0,1.0,1.0
0.9999938011552557,1.0,1.0,1.0,1.0,1.0,1.0,1.0,1.0,1.0
0.9999985694905718,1.0,1.0,1.0,1.0,1.0,0.9999997615814777,1.0,1.0,1.0
0.9999921322487634,1.0,1.0,1.0,1.0,1.0,0.9999995231630692,1.0,1.0,1.0
0.9999724634116024,0.9999992847447459,1.0,1.0,1.0,1.0,0.9999998807907247,0.9999997615814777,0.9999998807907247,1.0
0.9999039265409296,1.0,1.0,1.0,1.0,1.0,1.0,1.0,1.0,1.0
0.9999963045256735,1.0,1.0,1.0,1.0,0.9999998807907247,0.9999998807907247,1.0,1.0,1.0
0.9999785427891018,1.0,1.0,1.0,1.0,0.9999998807907247,1.0,1.0,1.0,1.0
0.9999724634116024,1.0,1.0,1.0,1.0,1.0,1.0,1.0,1.0,1.0
0.9999991655356624,1.0,1.0,1.0,1.0,1.0,1.0,0.9999911785905904,0.9999988079084972,1.0
0.9999938011552557,1.0,1.0,1.0,1.0,1.0,1.0,1.0,1.0,1.0
0.9999985694905718,1.0,1.0,1.0,1.0,1.0,1.0,1.0,1.0,0.9999998807907247
0.9999963045256735,1.0,1.0,1.0,1.0,1.0,1.0,1.0,1.0,0.32081683449873144
0.9999645960934689,0.9999998807907247,1.0,1.0,1.0,1.0,1.0,1.0,1.0,0.9999914170043662
0.9999985694905718,1.0,1.0,1.0,1.0,1.0,1.0,1.0,0.9999991655356624,1.0
0.9999971389852362,1.0,1.0,0.9999996423722521,1.0,1.0,1.0,1.0,1.0,1.0
0.9999977350285647,1.0,1.0,1.0,1.0,1.0,1.0,1.0,1.0,1.0
0.9997965511486372,1.0,1.0,1.0,1.0,1.0,1.0,1.0,0.9999990463265931,1.0
0.9992903742048809,1.0,1.0,1.0,1.0,0.9999945164027223,1.0,1.0,1.0,1.0
0.9999545833252356,0.9999995231630692,1.0,1.0,1.0,1.0,0.9999998807907247,1.0,1.0,1.0
0.999876633606226,0.9999997615814777,1.0,1.0,1.0,1.0,1.0,1.0,1.0,1.0
0.9999724634116024,1.0,1.0,1.0,1.0,1.0,1.0,0.9999998807907247,1.0,1.0
0.999998927117538,0.9999998807907247,1.0,1.0,1.0,1.0,1.0,1.0,1.0,0.9999996423722521
0.9999991655356624,1.0,1.0,1.0,1.0,1.0,0.9999998807907247,1.0,0.9999680529300359,0.9999998807907247
0.9999963045256735,1.0,1.0,1.0,1.0,1.0,1.0,1.0,1.0,1.0
0.9999938011552557,0.9999998807907247,1.0,1.0,1.0,1.0,1.0,1.0,1.0,1.0
0.9999921322487634,0.9999998807907247,1.0,1.0,1.0,1.0,0.9999998807907247,0.9999997615814777,0.9999542257282243,1.0
0.9999898673126559,1.0,0.9999995231630692,1.0,1.0,1.0,1.0,1.0,1.0,1.0
0.9999938011552557,1.0,1.0,1.0,1.0,1.0,1.0,1.0,0.9999997615814777,1.0
0.9999977350285647,1.0,1.0,1.0,1.0,1.0,1.0,1.0,1.0,1.0
0.9999963045256735,1.0,1.0,1.0,1.0,0.9999998807907247,1.0,1.0,1.0,1.0
0.9999977350285647,1.0,1.0,1.0,1.0,1.0,1.0,0.9999998807907247,0.9999997615814777,1.0
0.9999985694905718,1.0,1.0,1.0,1.0,1.0,1.0,1.0,1.0,1.0
0.9999985694905718,1.0,1.0,1.0,1.0,0.9999994039539004,0.9999990463265931,1.0,1.0,1.0
0.9999417100552707,0.9999998807907247,1.0,1.0,1.0,1.0,1.0,1.0,1.0,1.0
0.9999833109787883,0.9999996423722521,1.0,1.0,0.9999997615814777,1.0,1.0,1.0,1.0,1.0
0.9999998807907247,1.0,1.0,1.0,1.0,1.0,1.0,1.0,1.0,1.0
0.9999977350285647,0.9999988079084972,1.0,1.0,1.0,1.0,1.0,1.0,1.0,1.0
0.9999963045256735,0.9999998807907247,1.0,1.0,1.0,1.0,1.0,1.0,1.0,1.0
0.999998927117538,1.0,1.0,1.0,1.0,1.0,0.9999998807907247,1.0,1.0,0.9999542257282243
0.9999870063564401,1.0,1.0,1.0,1.0,1.0,1.0,0.9999988079084972,0.9999982118638471,1.0
0.9980732443617326,1.0,1.0,1.0,1.0,1.0,1.0,1.0,1.0,1.0
0.9999645960934689,1.0,1.0,1.0,1.0,1.0,1.0,1.0,1.0,1.0
0.9999991655356624,1.0,1.0,1.0,1.0,1.0,1.0,1.0,0.005220031281607402,1.0
0.9999785427891018,1.0,1.0,1.0,1.0,1.0,1.0,1.0,1.0,1.0
0.9999971389852362,1.0,1.0,1.0,1.0,1.0,0.994778974689082,1.0,1.0,1.0
0.9999952316511552,1.0,1.0,1.0,1.0,1.0,1.0,1.0,0.9999990463265931,1.0
0.9999921322487634,1.0,1.0,1.0,1.0,1.0,1.0,1.0,1.0,1.0
0.9999977350285647,1.0,1.0,1.0,1.0,1.0,0.999998927117538,1.0,1.0,0.9999992847447459
0.999876633606226,0.9999995231630692,1.0,1.0,1.0,1.0,1.0,1.0,1.0,1.0
0.9999724634116024,1.0,1.0,1.0,1.0,1.0,1.0,0.9999921322487634,1.0,1.0
0.9999870063564401,1.0,1.0,1.0,1.0,1.0,0.9999997615814777,1.0,1.0,0.9999991655356624
0.9999645960934689,0.9999998807907247,1.0,1.0,1.0,1.0,1.0,1.0,1.0,1.0
0.9999724634116024,0.9999998807907247,1.0,1.0,1.0,1.0,1.0,1.0,1.0,1.0
0.9999971389852362,1.0,1.0,1.0,1.0,1.0,1.0,1.0,0.9999990463265931,1.0
0.9999938011552557,0.9999998807907247,1.0,1.0,1.0,1.0,1.0,1.0,1.0,1.0
0.9999724634116024,1.0,1.0,1.0,1.0,1.0,1.0,0.9999998807907247,1.0,1.0
0.9999985694905718,1.0,1.0,1.0,1.0,1.0,1.0,0.9999998807907247,1.0,1.0
0.9999991655356624,0.9999998807907247,1.0,0.9999971389852362,1.0,1.0,1.0,1.0,0.9999990463265931,1.0
0.9999985694905718,1.0,1.0,1.0,1.0,1.0,1.0,1.0,0.9999998807907247,1.0
0.9999985694905718,1.0,1.0,0.9999997615814777,1.0,1.0,0.9999998807907247,1.0,1.0,1.0
0.9990889988442552,1.0,0.9999998807907247,1.0,1.0,1.0,0.9999998807907247,1.0,0.9999998807907247,1.0
0.9999982118638471,1.0,0.9999998807907247,1.0,1.0,1.0,1.0,1.0,1.0,1.0
0.9999991655356624,1.0,1.0,1.0,1.0,1.0,1.0,0.9999998807907247,1.0,1.0
0.9999995231630692,1.0,1.0,1.0,1.0,1.0,1.0,1.0,1.0,1.0
0.999998927117538,1.0,1.0,1.0,1.0,1.0,1.0,1.0,1.0,1.0
0.999998927117538,1.0,1.0,1.0,1.0,1.0,1.0,1.0,1.0,1.0
0.9999991655356624,0.9999998807907247,1.0,1.0,1.0,1.0,1.0,1.0,1.0,1.0
0.999925142169393,0.9999998807907247,1.0,1.0,1.0,1.0,1.0,1.0,1.0,1.0
0.9999645960934689,1.0,1.0,1.0,1.0,1.0,1.0,1.0,1.0,0.9999997615814777
0.9999982118638471,0.9999996423722521,1.0,1.0,1.0,1.0,1.0,1.0,1.0,1.0
0.9999985694905718,1.0,1.0,1.0,1.0,1.0,1.0,1.0,1.0,1.0
0.9999785427891018,1.0,1.0,1.0,1.0,1.0,1.0,1.0,1.0,1.0
0.9999977350285647,1.0,1.0,1.0,1.0,0.9999985694905718,1.0,1.0,1.0,1.0
0.9999971389852362,1.0,1.0,1.0,1.0,1.0,0.9999973774024795,1.0,1.0,1.0
0.9999545833252356,1.0,1.0,1.0,1.0,1.0,1.0,1.0,1.0,1.0
0.9999921322487634,1.0,1.0,1.0,1.0,1.0,0.9999998807907247,0.9999998807907247,1.0,1.0
0.9999971389852362,1.0,1.0,1.0,1.0,1.0,1.0,0.9999998807907247,1.0,1.0
0.9999898673126559,0.9999997615814777,1.0,1.0,1.0,1.0,0.9999994039539004,1.0,1.0,1.0
0.9999938011552557,1.0,1.0,1.0,1.0,1.0,1.0,1.0,1.0,1.0
0.9999971389852362,1.0,1.0,1.0,1.0,1.0,1.0,1.0,1.0,1.0
0.9999645960934689,0.9999996423722521,0.9999998807907247,1.0,0.9999995231630692,1.0,1.0,1.0,0.9999877215940446,1.0
0.9999991655356624,0.9999997615814777,1.0,0.9999996423722521,1.0,1.0,1.0,1.0,1.0,1.0
0.9999645960934689,0.9999998807907247,1.0,1.0,1.0,1.0,1.0,1.0,1.0,0.9999998807907247
0.9999982118638471,0.9999997615814777,1.0,1.0,1.0,1.0,1.0,1.0,0.9999994039539004,1.0
0.999998927117538,1.0,1.0,0.9999972581939645,1.0,1.0,1.0,1.0,1.0,1.0
0.9999785427891018,0.9999998807907247,1.0,1.0,1.0,1.0,1.0,1.0,1.0,1.0
0.9999645960934689,1.0,1.0,1.0,1.0,1.0,1.0,1.0,1.0,1.0
0.9999971389852362,1.0,1.0,0.9999983310727032,1.0,1.0,1.0,1.0,0.9999998807907247,1.0
0.9999985694905718,1.0,1.0,1.0,1.0,1.0,1.0,0.9999984502816872,1.0,1.0
0.9999545833252356,1.0,1.0,1.0,1.0,1.0,1.0,1.0,1.0,1.0
0.9999545833252356,1.0,1.0,1.0,1.0,1.0,0.9999998807907247,1.0,1.0,1.0
0.9999982118638471,0.9999997615814777,1.0,1.0,1.0,1.0,1.0,1.0,1.0,1.0
0.9999898673126559,1.0,1.0,1.0,1.0,1.0,1.0,1.0,1.0,1.0
0.999998927117538,1.0,1.0,1.0,1.0,1.0,1.0,1.0,1.0,1.0
0.9999977350285647,1.0,1.0,1.0,1.0,1.0,1.0,1.0,1.0,1.0
0.9999785427891018,1.0,1.0,1.0,1.0,1.0,1.0,1.0,0.9999998807907247,1.0
0.999876633606226,1.0,1.0,1.0,1.0,1.0,1.0,1.0,1.0,1.0
0.9999985694905718,1.0,1.0,1.0,1.0,1.0,0.9999991655356624,1.0,1.0,1.0
0.999998927117538,1.0,0.9999998807907247,1.0,1.0,0.9999554177126959,1.0,1.0,0.9999994039539004,1.0
0.9999645960934689,1.0,1.0,1.0,1.0,1.0,1.0,1.0,1.0,1.0
0.9999785427891018,0.9999998807907247,1.0,1.0,1.0,0.9999998807907247,1.0,1.0,1.0,0.9999998807907247
0.9999645960934689,1.0,1.0,1.0,1.0,1.0,1.0,1.0,1.0,1.0
0.999998927117538,1.0,1.0,0.9999998807907247,1.0,1.0,1.0,1.0,1.0,1.0
0.9992903742048809,0.9999997615814777,1.0,1.0,1.0,1.0,0.9999998807907247,1.0,1.0,1.0
0.9999870063564401,0.9999997615814777,1.0,1.0,1.0,1.0,1.0,1.0,1.0,1.0
0.9999724634116024,1.0,1.0,1.0,1.0,1.0,1.0,1.0,1.0,1.0
0.9999898673126559,0.9999997615814777,1.0,1.0,1.0,1.0,1.0,1.0,1.0,1.0
0.999998927117538,1.0,1.0,1.0,1.0,1.0,1.0,1.0,1.0,1.0
0.999998927117538,1.0,1.0,1.0,1.0,1.0,1.0,1.0,0.9999829533624089,1.0
0.9995694822610254,0.9999998807907247,1.0,1.0,1.0,1.0,1.0,1.0,0.9999998807907247,1.0
0.9999870063564401,1.0,1.0,1.0,1.0,1.0,1.0,1.0,1.0,1.0
0.9999870063564401,1.0,1.0,1.0,1.0,1.0,1.0,1.0,1.0,1.0
0.9999938011552557,0.9999997615814777,1.0,1.0,1.0,1.0,0.9999785427891018,1.0,0.9999995231630692,1.0
0.9999971389852362,1.0,1.0,1.0,1.0,1.0,1.0,1.0,1.0,1.0
0.9999991655356624,1.0,1.0,1.0,1.0,1.0,1.0,1.0,1.0,1.0
0.9999982118638471,0.9999998807907247,1.0,1.0,1.0,1.0,1.0,1.0,1.0,1.0
0.9999938011552557,0.9999998807907247,1.0,1.0,1.0,1.0,1.0,1.0,1.0,0.9978915892668523
0.9968273290569476,1.0,1.0,1.0,1.0,1.0,1.0,1.0,1.0,0.9999998807907247
0.9999971389852362,1.0,1.0,1.0,1.0,1.0,1.0,1.0,1.0,1.0
0.9999963045256735,1.0,1.0,0.9999998807907247,1.0,1.0,1.0,1.0,1.0,1.0
0.9999963045256735,1.0,1.0,1.0,1.0,1.0,1.0,1.0,1.0,1.0
0.999998927117538,0.9999997615814777,1.0,1.0,1.0,1.0,1.0,1.0,1.0,1.0
0.9999870063564401,1.0,1.0,1.0,1.0,1.0,1.0,1.0,1.0,1.0
0.9999417100552707,1.0,1.0,1.0,1.0,1.0,1.0,1.0,1.0,0.9999998807907247
0.9999985694905718,1.0,1.0,0.9999998807907247,1.0,1.0,1.0,1.0,1.0,1.0
0.9999985694905718,1.0,0.9999998807907247,1.0,1.0,1.0,1.0,1.0,1.0,1.0
0.9999833109787883,1.0,1.0,1.0,1.0,1.0,1.0,1.0,1.0,1.0
0.9999977350285647,1.0,1.0,0.9999998807907247,1.0,1.0,1.0,1.0,1.0,1.0
0.9999985694905718,1.0,1.0,1.0,1.0,1.0,1.0,1.0,1.0,1.0
0.9999985694905718,0.9999994039539004,1.0,1.0,1.0,1.0,1.0,1.0,1.0,1.0
0.9999898673126559,0.9999996423722521,1.0,1.0,1.0,1.0,1.0,1.0,1.0,1.0
0.9999870063564401,1.0,1.0,1.0,0.9999990463265931,1.0,1.0,1.0,1.0,1.0
0.9999833109787883,1.0,1.0,1.0,0.9999998807907247,1.0,1.0,1.0,1.0,1.0
0.9999870063564401,0.9999997615814777,1.0,1.0,1.0,1.0,1.0,1.0,1.0,1.0
0.9999991655356624,0.9999998807907247,1.0,1.0,1.0,1.0,1.0,1.0,1.0,1.0
0.9999971389852362,1.0,1.0,0.9999921322487634,1.0,1.0,1.0,1.0,1.0,1.0
0.9999898673126559,1.0,1.0,1.0,1.0,0.9999998807907247,1.0,0.9999998807907247,1.0,0.9999997615814777
0.9999921322487634,1.0,0.9999998807907247,1.0,1.0,1.0,1.0,0.9999996423722521,1.0,1.0
0.9999996423722521,1.0,1.0,0.9999997615814777,0.9999977350285647,1.0,1.0,1.0,1.0,0.9999995231630692
0.9999417100552707,1.0,1.0,1.0,1.0,1.0,1.0,1.0,1.0,1.0
0.9997387615048174,0.9999995231630692,1.0,1.0,1.0,1.0,1.0,1.0,1.0,1.0
0.9999645960934689,0.9999994039539004,1.0,1.0,1.0,1.0,1.0,1.0,1.0,1.0
0.999998927117538,1.0,1.0,1.0,0.9999998807907247,1.0,1.0,1.0,1.0,1.0
0.9999870063564401,1.0,0.9999998807907247,1.0,1.0,1.0,1.0,0.9999998807907247,1.0,0.9999822381318528
0.9999833109787883,1.0,1.0,1.0,1.0,1.0,1.0,1.0,1.0,1.0
0.9999545833252356,1.0,1.0,1.0,1.0,1.0,1.0,1.0,0.9999998807907247,1.0
0.9999921322487634,1.0,1.0,1.0,1.0,1.0,1.0,1.0,1.0,1.0
0.9999963045256735,0.9999998807907247,1.0,1.0,1.0,1.0,1.0,1.0,1.0,1.0
0.9999898673126559,1.0,1.0,1.0,1.0,1.0,1.0,1.0,1.0,1.0
0.9999921322487634,1.0,1.0,1.0,1.0,1.0,1.0,1.0,1.0,1.0
0.9999977350285647,1.0,1.0,1.0,1.0,1.0,1.0,1.0,0.9999967813595916,1.0
0.9999971389852362,1.0,1.0,1.0,1.0,1.0,1.0,1.0,1.0,1.0
0.9999982118638471,1.0,1.0,1.0,1.0,1.0,1.0,1.0,0.9999998807907247,1.0
0.9999921322487634,0.9999994039539004,1.0,1.0,1.0,1.0,1.0,1.0,1.0,1.0
0.9999994039539004,1.0,1.0,1.0,1.0,1.0,1.0,1.0,1.0,1.0
0.9999938011552557,1.0,1.0,1.0,1.0,1.0,1.0,1.0,1.0,1.0
0.9999870063564401,0.9999998807907247,1.0,1.0,1.0,1.0,1.0,1.0,1.0,1.0
0.9999977350285647,0.9999996423722521,1.0,1.0,1.0,1.0,1.0,1.0,1.0,1.0
0.9999996423722521,0.9999998807907247,1.0,1.0,0.9999969005680498,1.0,1.0,1.0,0.9999908209686689,1.0
0.9999870063564401,1.0,1.0,1.0,1.0,1.0,1.0,0.9999983310727032,1.0,1.0
0.9999994039539004,0.9999998807907247,1.0,1.0,1.0,1.0,1.0,1.0,1.0,1.0
0.9999977350285647,1.0,1.0,1.0,1.0,1.0,1.0,1.0,1.0,1.0
0.9999997615814777,0.9999996423722521,1.0,1.0,1.0,1.0,1.0,1.0,1.0,0.9999997615814777
0.9999996423722521,1.0,1.0,0.9999998807907247,1.0,1.0,1.0,1.0,1.0,1.0
0.9999039265409296,0.9999998807907247,1.0,1.0,1.0,1.0,1.0,1.0,1.0,1.0
0.9999977350285647,1.0,0.9999998807907247,1.0,1.0,1.0,1.0,1.0,1.0,1.0
0.9999994039539004,0.9999985694905718,1.0,1.0,1.0,1.0,1.0,1.0,1.0,0.9999998807907247
0.9999971389852362,0.9999985694905718,0.9999992847447459,1.0,1.0,1.0,1.0,1.0,1.0,1.0
0.9999977350285647,1.0,1.0,1.0,1.0,1.0,1.0,1.0,0.9999998807907247,1.0
0.9999870063564401,1.0,0.9999997615814777,1.0,1.0,1.0,1.0,1.0,1.0,1.0
0.9999985694905718,0.9999998807907247,1.0,1.0,1.0,1.0,1.0,1.0,0.9999917746265009,1.0
0.9999991655356624,1.0,1.0,1.0,1.0,1.0,1.0,1.0,1.0,1.0
0.9999952316511552,1.0,1.0,1.0,1.0,1.0,1.0,1.0,1.0,1.0
0.9999963045256735,1.0,1.0,1.0,1.0,1.0,1.0,1.0,1.0,1.0
0.9999417100552707,1.0,1.0,1.0,1.0,1.0,1.0,1.0,1.0,1.0
0.9999982118638471,0.9999998807907247,1.0,0.9999970197767496,1.0,1.0,1.0,1.0,0.9999997615814777,1.0
0.999998927117538,0.9999998807907247,1.0,1.0,1.0,0.9999998807907247,1.0,1.0,0.9999996423722521,1.0
0.999925142169393,0.9999998807907247,1.0,1.0,1.0,1.0,1.0,1.0,1.0,1.0
0.9999785427891018,0.9999996423722521,1.0,1.0,1.0,1.0,1.0,1.0,1.0,1.0
0.9999977350285647,1.0,1.0,0.9999816421070834,1.0,1.0,1.0,1.0,1.0,1.0
0.9999996423722521,0.9999992847447459,1.0,1.0,1.0,1.0,1.0,1.0,1.0,1.0
0.9999785427891018,1.0,1.0,1.0,1.0,1.0,1.0,1.0,1.0,0.9999998807907247
0.9999645960934689,1.0,1.0,1.0,1.0,1.0,1.0,1.0,1.0,1.0
0.9999994039539004,0.9999998807907247,1.0,1.0,1.0,1.0,0.9999998807907247,0.9999996423722521,1.0,1.0
0.9999921322487634,0.9999997615814777,1.0,1.0,1.0,1.0,1.0,1.0,1.0,1.0
0.9999898673126559,1.0,1.0,1.0,1.0,0.9999997615814777,1.0,1.0,1.0,0.9999998807907247
0.9999991655356624,0.9999998807907247,1.0,1.0,1.0,1.0,1.0,1.0,0.9999949932351057,0.9999955892755635
0.9999952316511552,1.0,1.0,1.0,1.0,1.0,1.0,1.0,1.0,1.0
0.9999982118638471,1.0,1.0,1.0,1.0,1.0,1.0,1.0,0.9999994039539004,1.0
0.9999921322487634,1.0,1.0,1.0,1.0,1.0,1.0,1.0,0.9999936819476216,1.0
0.9999921322487634,1.0,1.0,1.0,1.0,1.0,1.0,1.0,1.0,1.0
0.9999833109787883,1.0,1.0,1.0,1.0,1.0,1.0,0.9999998807907247,1.0,1.0
0.9999417100552707,1.0,0.9999998807907247,1.0,1.0,1.0,1.0,1.0,1.0,1.0
0.9999982118638471,1.0,1.0,1.0,1.0,1.0,1.0,1.0,1.0,1.0
0.9999985694905718,1.0,1.0,1.0,0.9999959469005546,1.0,1.0,1.0,1.0,0.9999995231630692
0.9999982118638471,0.9999998807907247,1.0,1.0,1.0,1.0,1.0,1.0,1.0,1.0
0.9999645960934689,1.0,1.0,0.9999998807907247,1.0,1.0,1.0,1.0,1.0,0.9999997615814777
0.999876633606226,1.0,1.0,1.0,0.9999953508594287,1.0,1.0,1.0,1.0,1.0
0.9999996423722521,0.9999998807907247,1.0,0.9999626888833015,1.0,1.0,1.0,1.0,1.0,1.0
0.9999545833252356,0.9999997615814777,1.0,1.0,1.0,1.0,1.0,1.0,0.9999974966112362,1.0
0.9999985694905718,0.9999998807907247,1.0,1.0,1.0,1.0,1.0,1.0,1.0,0.9999998807907247
0.9999645960934689,1.0,1.0,1.0,1.0,1.0,0.9999996423722521,1.0,1.0,1.0
0.9999991655356624,0.9999996423722521,1.0,1.0,1.0,1.0,1.0,1.0,0.9999998807907247,0.9999998807907247
0.9999985694905718,0.9999958276922101,1.0,1.0,1.0,1.0,1.0,0.9999996423722521,1.0,1.0
0.9999963045256735,1.0,1.0,1.0,1.0,1.0,1.0,1.0,1.0,1.0
0.9999952316511552,0.9999997615814777,1.0,1.0,1.0,1.0,1.0,0.9999998807907247,1.0,1.0
0.9999898673126559,1.0,0.9999997615814777,1.0,1.0,1.0,1.0,1.0,1.0,1.0
0.9999998807907247,1.0,1.0,1.0,0.9999970197767496,1.0,1.0,1.0,1.0,0.9999980926550052
0.9999982118638471,0.999998927117538,1.0,1.0,1.0,0.9999998807907247,1.0,1.0,1.0,1.0
0.9999898673126559,0.9999997615814777,1.0,1.0,1.0,1.0,0.9999998807907247,1.0,1.0,1.0
0.9999977350285647,1.0,1.0,1.0,1.0,1.0,1.0,1.0,1.0,0.9999998807907247
0.9999977350285647,0.9999998807907247,1.0,1.0,1.0,1.0,1.0,1.0,1.0,1.0
0.9999952316511552,1.0,1.0,1.0,1.0,1.0,1.0,0.9999997615814777,1.0,1.0
0.9999870063564401,1.0,1.0,1.0,1.0,1.0,1.0,1.0,0.9999998807907247,1.0
0.9999938011552557,1.0,1.0,1.0,1.0,1.0,1.0,0.9999998807907247,1.0,0.9999995231630692
0.9999785427891018,0.9999996423722521,1.0,1.0,1.0,1.0,1.0,1.0,1.0,1.0
0.9999724634116024,1.0,1.0,1.0,1.0,0.9999998807907247,1.0,1.0,1.0,1.0
0.9999952316511552,1.0,1.0,0.9999997615814777,1.0,1.0,1.0,1.0,1.0,1.0
0.9999985694905718,1.0,1.0,1.0,0.9999998807907247,1.0,1.0,1.0,1.0,1.0
0.9999545833252356,1.0,1.0,1.0,1.0,1.0,1.0,1.0,1.0,1.0
0.9999938011552557,0.9999998807907247,1.0,1.0,1.0,1.0,1.0,1.0,1.0,1.0
0.999925142169393,1.0,1.0,1.0,1.0,1.0,1.0,1.0,1.0,0.9999997615814777
0.9999977350285647,1.0,1.0,1.0,1.0,1.0,1.0,1.0,1.0,1.0
0.9999938011552557,0.9999998807907247,1.0,1.0,1.0,1.0,1.0,1.0,1.0,1.0
0.9999952316511552,1.0,1.0,1.0,1.0,1.0,1.0,1.0,1.0,1.0
0.9999982118638471,0.9999998807907247,1.0,1.0,1.0,1.0,1.0,1.0,0.9999998807907247,1.0
0.9999985694905718,1.0,1.0,1.0,1.0,1.0,1.0,1.0,0.9990861430487412,1.0
0.999998927117538,1.0,1.0,1.0,1.0,1.0,1.0,1.0,1.0,1.0
0.9999921322487634,1.0,1.0,1.0,1.0,1.0,1.0,1.0,1.0,1.0
0.999998927117538,1.0,1.0,1.0,1.0,1.0,1.0,1.0,1.0,1.0
0.9999995231630692,1.0,1.0,1.0,1.0,1.0,1.0,1.0,1.0,1.0
0.9999991655356624,1.0,1.0,1.0,1.0,1.0,0.9999785427891018,1.0,0.9999995231630692,1.0
0.9999982118638471,1.0,1.0,1.0,1.0,1.0,1.0,0.9999997615814777,1.0,1.0
0.9999985694905718,1.0,1.0,1.0,1.0,1.0,1.0,1.0,1.0,1.0
0.9999938011552557,1.0,1.0,1.0,1.0,1.0,1.0,1.0,1.0,1.0
0.9999977350285647,1.0,1.0,1.0,1.0,1.0,1.0,1.0,1.0,1.0
0.9999952316511552,1.0,1.0,1.0,1.0,1.0,1.0,1.0,1.0,1.0
0.9999995231630692,0.9999971389852362,1.0,1.0,1.0,1.0,1.0,1.0,1.0,1.0
0.9999985694905718,1.0,0.9998887901016923,0.9999998807907247,1.0,1.0,1.0,1.0,0.9999997615814777,1.0
0.9999898673126559,1.0,1.0,1.0,0.9999997615814777,1.0,0.9999967813595916,1.0,1.0,1.0
0.9999985694905718,0.9999998807907247,1.0,1.0,1.0,1.0,1.0,1.0,1.0,0.9999998807907247
0.9999977350285647,1.0,1.0,1.0,1.0,1.0,1.0,1.0,1.0,1.0
0.9999545833252356,0.9999998807907247,1.0,1.0,1.0,1.0,1.0,1.0,1.0,1.0
0.9999977350285647,1.0,1.0,1.0,1.0,1.0,1.0,0.9999991655356624,1.0,1.0
0.9999938011552557,1.0,1.0,1.0,1.0,1.0,1.0,1.0,0.9999997615814777,1.0
0.9999785427891018,1.0,1.0,1.0,1.0,1.0,0.9999995231630692,1.0,1.0,1.0
0.9999545833252356,0.9999979734461775,1.0,1.0,1.0,1.0,1.0,1.0,1.0,1.0
0.999998927117538,1.0,1.0,1.0,1.0,1.0,1.0,0.9994470555870668,0.9999997615814777,1.0
0.14804720844715558,1.0,0.9999995231630692,1.0,0.9999995231630692,1.0,1.0,1.0,1.0,1.0
0.9999994039539004,1.0,1.0,1.0,1.0,1.0,1.0,1.0,1.0,1.0
0.9999870063564401,0.9999998807907247,1.0,1.0,1.0,1.0,1.0,1.0,1.0,0.9999994039539004
0.9999982118638471,0.9999998807907247,1.0,1.0,1.0,1.0,1.0,1.0,1.0,1.0
0.9999977350285647,1.0,1.0,1.0,1.0,1.0,1.0,1.0,1.0,0.9999992847447459
0.9999963045256735,1.0,1.0,1.0,1.0,1.0,1.0,1.0,1.0,1.0
0.9999833109787883,0.9999998807907247,1.0,1.0,1.0,1.0,1.0,1.0,1.0,1.0
0.9999898673126559,1.0,0.9999997615814777,1.0,1.0,1.0,1.0,1.0,1.0,1.0
0.9999952316511552,1.0,1.0,1.0,0.9999997615814777,1.0,1.0,1.0,1.0,1.0
0.9999724634116024,0.9999997615814777,1.0,1.0,0.9999998807907247,1.0,1.0,1.0,1.0,1.0
0.9999921322487634,1.0,1.0,1.0,1.0,1.0,1.0,1.0,1.0,0.0019267342527389902
0.9999870063564401,1.0,1.0,1.0,1.0,1.0,1.0,1.0,0.9999998807907247,1.0
0.9999963045256735,0.9999998807907247,1.0,1.0,1.0,1.0,1.0,1.0,1.0,1.0
0.9999921322487634,1.0,1.0,1.0,1.0,1.0,1.0,1.0,1.0,1.0
0.9999833109787883,1.0,0.9999998807907247,1.0,0.9999959469005546,1.0,1.0,1.0,0.9999868871505255,1.0
0.9999898673126559,1.0,1.0,1.0,1.0,1.0,1.0,0.9999998807907247,1.0,1.0
0.9999952316511552,1.0,1.0,1.0,1.0,1.0,0.9999998807907247,1.0,1.0,1.0
0.9999963045256735,1.0,1.0,1.0,1.0,0.9999997615814777,1.0,1.0,0.9999249037905161,1.0
0.9999963045256735,1.0,1.0,1.0,1.0,1.0,0.9999998807907247,1.0,1.0,0.9999998807907247
0.9999985694905718,0.9999998807907247,1.0,1.0,1.0,1.0,1.0,0.9999998807907247,1.0,1.0
0.9999977350285647,1.0,1.0,1.0,1.0,1.0,1.0,1.0,0.9999994039539004,1.0
0.9999039265409296,1.0,1.0,1.0,1.0,1.0,1.0,0.9999998807907247,1.0,1.0
0.9999994039539004,0.9999997615814777,1.0,1.0,1.0,1.0,0.9999998807907247,1.0,0.9999996423722521,0.9999996423722521
0.9999985694905718,1.0,1.0,1.0,1.0,1.0,1.0,1.0,1.0,1.0
0.9999977350285647,1.0,1.0,1.0,1.0,1.0,1.0,1.0,0.9999998807907247,0.9999980926550052
0.9999977350285647,1.0,1.0,1.0,1.0,1.0,1.0,1.0,1.0,1.0
0.999998927117538,1.0,1.0,1.0,1.0,1.0,1.0,1.0,0.9999997615814777,1.0
0.9999952316511552,1.0,1.0,1.0,1.0,1.0,1.0,1.0,1.0,1.0
0.9999977350285647,0.9999997615814777,1.0,1.0,1.0,1.0,0.9999996423722521,1.0,1.0,1.0
0.999998927117538,1.0,1.0,1.0,1.0,1.0,1.0,1.0,1.0,1.0
0.9999833109787883,0.9999998807907247,1.0,1.0,1.0,1.0,1.0,1.0,0.9999990463265931,0.9999998807907247
0.9999985694905718,1.0,1.0,1.0,1.0,1.0,1.0,1.0,1.0,1.0
0.9999785427891018,1.0,1.0,1.0,1.0,1.0,0.9999998807907247,0.9999971389852362,1.0,1.0
0.9999982118638471,1.0,1.0,1.0,1.0,1.0,1.0,1.0,1.0,1.0
0.9999952316511552,1.0,1.0,1.0,1.0,1.0,1.0,1.0,1.0,1.0
0.9999952316511552,1.0,1.0,1.0,1.0,1.0,1.0,1.0,1.0,1.0
0.9999982118638471,0.9999998807907247,1.0,1.0,1.0,1.0,1.0,1.0,0.9999994039539004,1.0
0.9999952316511552,0.9999988079084972,1.0,0.9999997615814777,1.0,1.0,1.0,0.9999998807907247,1.0,1.0
0.9999921322487634,1.0,1.0,1.0,1.0,1.0,1.0,1.0,0.9999998807907247,0.9999998807907247
0.9999785427891018,0.9999996423722521,1.0,1.0,1.0,1.0,0.9999980926550052,1.0,1.0,1.0
0.9999938011552557,1.0,1.0,1.0,1.0,1.0,1.0,0.9999995231630692,1.0,1.0
0.9999977350285647,1.0,1.0,1.0,1.0,1.0,1.0,1.0,0.9999997615814777,1.0
0.9999995231630692,1.0,1.0,1.0,1.0,1.0,1.0,1.0,1.0,1.0
0.999998927117538,1.0,1.0,1.0,1.0,1.0,1.0,1.0,1.0,1.0
0.9999898673126559,0.9999996423722521,1.0,1.0,1.0,1.0,1.0,1.0,1.0,1.0
0.9999833109787883,0.9999966621509202,1.0,1.0,1.0,1.0,1.0,0.9999996423722521,0.9999998807907247,1.0
0.999925142169393,0.9999998807907247,1.0,0.9999998807907247,1.0,1.0,1.0,1.0,1.0,1.0
0.9999952316511552,1.0,1.0,1.0,1.0,1.0,1.0,1.0,1.0,1.0
0.9999977350285647,1.0,1.0,1.0,1.0,1.0,1.0,1.0,1.0,1.0
0.9999971389852362,1.0,1.0,1.0,1.0,0.9999998807907247,1.0,0.9999998807907247,0.9999350351575294,1.0
0.9999991655356624,1.0,0.9999997615814777,1.0,1.0,0.9999963045256735,1.0,1.0,1.0,1.0
0.9999039265409296,1.0,1.0,1.0,1.0,1.0,1.0,1.0,1.0,1.0
0.9999985694905718,0.9999991655356624,1.0,1.0,0.9999998807907247,1.0,0.9999976158197796,1.0,1.0,1.0
0.9999724634116024,1.0,1.0,1.0,0.9999314593576598,1.0,1.0,1.0,0.9999997615814777,1.0
0.9999938011552557,1.0,1.0,1.0,1.0,1.0,1.0,1.0,1.0,1.0
0.9999545833252356,1.0,1.0,1.0,1.0,1.0,1.0,1.0,1.0,1.0
0.9999898673126559,1.0,1.0,1.0,1.0,1.0,1.0,1.0,1.0,0.999985218266486
0.9999971389852362,1.0,1.0,1.0,1.0,1.0,1.0,1.0,1.0,1.0
0.9999870063564401,1.0,1.0,1.0,1.0,1.0,1.0,1.0,0.9999985694905718,1.0
0.999925142169393,1.0,1.0,1.0,1.0,1.0,1.0,1.0,1.0,1.0
0.9999994039539004,1.0,1.0,1.0,1.0,1.0,1.0,0.9999998807907247,1.0,1.0
0.9999898673126559,1.0,1.0,1.0,1.0,1.0,1.0,1.0,0.9999996423722521,1.0
0.9999921322487634,0.9999998807907247,0.9999996423722521,1.0,1.0,1.0,1.0,1.0,1.0,0.9999723442092404
0.999998927117538,0.9999997615814777,1.0,1.0,1.0,0.9999926090786457,1.0,1.0,0.9999998807907247,1.0
0.9999952316511552,1.0,1.0,1.0,1.0,1.0,1.0,0.9999998807907247,1.0,1.0
0.9975274099865513,1.0,1.0,1.0,1.0,1.0,1.0,0.9999998807907247,1.0,1.0
0.9999977350285647,1.0,1.0,1.0,1.0,1.0,1.0,1.0,1.0,1.0
0.9999645960934689,0.9999985694905718,1.0,1.0,1.0,1.0,1.0,1.0,1.0,0.9999995231630692
0.9999724634116024,1.0,1.0,1.0,1.0,1.0,1.0,1.0,1.0,1.0
0.9980732443617326,1.0,1.0,1.0,1.0,1.0,1.0,1.0,1.0,1.0
0.999998927117538,1.0,1.0,1.0,0.9999995231630692,1.0,1.0,1.0,1.0,1.0
0.9999991655356624,0.9999998807907247,0.9999998807907247,1.0,1.0,1.0,1.0,1.0,0.9999998807907247,1.0
0.9999971389852362,1.0,1.0,1.0,1.0,1.0,1.0,1.0,1.0,1.0
0.9999985694905718,1.0,1.0,1.0,1.0,1.0,1.0,1.0,1.0,1.0
0.9999994039539004,1.0,1.0,1.0,1.0,1.0,1.0,1.0,1.0,1.0
0.9997965511486372,1.0,0.9999998807907247,1.0,1.0,1.0,1.0,0.9999991655356624,1.0,1.0
0.9999963045256735,1.0,1.0,1.0,1.0,1.0,1.0,1.0,1.0,1.0
0.9999921322487634,1.0,1.0,1.0,1.0,1.0,1.0,1.0,1.0,1.0
0.9999645960934689,1.0,1.0,1.0,1.0,1.0,1.0,1.0,1.0,1.0
0.999925142169393,1.0,1.0,1.0,1.0,1.0,1.0,0.9999996423722521,1.0,1.0
0.9999785427891018,1.0,1.0,1.0,1.0,1.0,1.0,1.0,1.0,1.0
0.9999991655356624,1.0,1.0,0.9999998807907247,1.0,1.0,1.0,1.0,1.0,1.0
0.9999977350285647,0.9999998807907247,1.0,1.0,1.0,1.0,1.0,1.0,1.0,1.0
0.9999995231630692,1.0,1.0,1.0,1.0,0.9999972581939645,1.0,1.0,1.0,0.9999877215940446
0.9999994039539004,0.9999998807907247,1.0,1.0,1.0,1.0,1.0,1.0,1.0,1.0
0.9999997615814777,1.0,1.0,1.0,1.0,1.0,1.0,1.0,1.0,1.0
0.9999971389852362,0.9999998807907247,1.0,0.9999994039539004,1.0,1.0,1.0,0.9999998807907247,1.0,0.9999985694905718
0.9999898673126559,0.9999997615814777,0.9999997615814777,1.0,1.0,1.0,1.0,1.0,1.0,0.9999997615814777
0.9999977350285647,1.0,1.0,1.0,1.0,1.0,0.9999998807907247,0.9999998807907247,1.0,1.0
0.999998927117538,1.0,1.0,1.0,1.0,1.0,0.9999998807907247,1.0,1.0,1.0
0.9999982118638471,0.9999998807907247,1.0,1.0,1.0,1.0,1.0,1.0,1.0,1.0
0.9999985694905718,0.9998910545815152,1.0,1.0,1.0,1.0,1.0,1.0,1.0,1.0
0.9999985694905718,1.0,1.0,1.0,1.0,1.0,1.0,1.0,1.0,1.0
0.999998927117538,1.0,1.0,1.0,0.9999998807907247,1.0,1.0,0.9999998807907247,1.0,1.0
0.9999938011552557,1.0,1.0,1.0,1.0,1.0,1.0,1.0,1.0,1.0
0.9999994039539004,1.0,1.0,0.9999998807907247,1.0,1.0,1.0,1.0,1.0,1.0
0.9999977350285647,0.9999998807907247,1.0,1.0,0.9999998807907247,0.9999998807907247,0.9999990463265931,1.0,1.0,1.0
0.9999985694905718,1.0,1.0,1.0,1.0,1.0,1.0,0.9999998807907247,1.0,1.0
0.9994471746722718,0.9999998807907247,1.0,1.0,1.0,1.0,1.0,1.0,1.0,1.0
0.9999991655356624,0.9999998807907247,1.0,1.0,1.0,1.0,0.9999998807907247,1.0,1.0,1.0
0.9999991655356624,0.9999998807907247,1.0,1.0,1.0,1.0,0.9999996423722521,1.0,1.0,0.9999998807907247
0.9999982118638471,1.0,1.0,1.0,0.9999986886995842,1.0,1.0,1.0,1.0,1.0
0.9999645960934689,0.9999998807907247,1.0,1.0,1.0,1.0,0.9999995231630692,0.9999972581939645,1.0,1.0
0.999998927117538,0.9999998807907247,1.0,1.0,1.0,1.0,1.0,1.0,1.0,1.0
0.9999963045256735,1.0,1.0,1.0,1.0,1.0,1.0,1.0,0.9999805692637573,1.0
0.9999985694905718,1.0,1.0,1.0,1.0,1.0,1.0,0.9999998807907247,0.9999998807907247,1.0
0.9999963045256735,1.0,1.0,1.0,1.0,1.0,1.0,1.0,1.0,0.9999609008813933
0.9999985694905718,0.9999998807907247,1.0,1.0,1.0,1.0,1.0,1.0,1.0,1.0
0.9994471746722718,1.0,1.0,1.0,1.0,1.0,1.0,1.0,1.0,1.0
0.9997965511486372,1.0,1.0,1.0,1.0,1.0,1.0,1.0,0.9999998807907247,0.9999997615814777
0.9999898673126559,1.0,1.0,1.0,1.0,1.0,1.0,1.0,1.0,1.0
0.9999921322487634,1.0,1.0,1.0,1.0,1.0,1.0,1.0,1.0,0.9999938011552557
0.9999995231630692,1.0,1.0,1.0,0.9999958276922101,1.0,1.0,1.0,0.9999907017622996,1.0
0.9999545833252356,1.0,1.0,1.0,1.0,0.9999960661089133,1.0,1.0,0.9999986886995842,1.0
0.999876633606226,1.0,1.0,1.0,0.9999998807907247,1.0,1.0,1.0,1.0,1.0
0.9999938011552557,0.9999998807907247,1.0,1.0,1.0,1.0,0.9999970197767496,1.0,1.0,1.0
0.9999870063564401,0.9999994039539004,1.0,0.9999154877575644,0.9999998807907247,1.0,1.0,1.0,1.0,1.0
0.9999938011552557,1.0,1.0,1.0,1.0,1.0,1.0,1.0,0.9999997615814777,0.9999998807907247
0.9999994039539004,0.9999998807907247,1.0,1.0,1.0,1.0,0.9999996423722521,1.0,1.0,1.0
0.9999991655356624,1.0,1.0,1.0,1.0,1.0,1.0,1.0,1.0,1.0
0.9999982118638471,0.9999996423722521,1.0,1.0,1.0,1.0,1.0,1.0,0.9999998807907247,1.0
0.9999952316511552,1.0,1.0,1.0,0.9999963045256735,1.0,1.0,0.9999998807907247,1.0,1.0
0.9999724634116024,1.0,1.0,1.0,1.0,1.0,1.0,1.0,1.0,1.0
0.9999952316511552,0.9999990463265931,1.0,1.0,1.0,1.0,1.0,0.9999998807907247,1.0,1.0
0.9999785427891018,0.9999997615814777,1.0,0.9999990463265931,1.0,1.0,1.0,0.9999997615814777,1.0,0.9999996423722521
0.9999724634116024,1.0,1.0,1.0,1.0,0.9999996423722521,1.0,1.0,1.0,1.0
0.9999977350285647,1.0,1.0,1.0,1.0,1.0,1.0,1.0,1.0,1.0
0.9999870063564401,0.9999998807907247,1.0,1.0,1.0,1.0,1.0,1.0,4.5380234016124474e-05,1.0
0.9999417100552707,0.9999545833252356,1.0,1.0,1.0,1.0,1.0,1.0,0.9999998807907247,1.0
0.9999991655356624,0.9999996423722521,1.0,1.0,1.0,1.0,1.0,1.0,1.0,1.0
0.9999724634116024,1.0,1.0,1.0,1.0,1.0,1.0,0.9999878408000585,1.0,1.0
0.9999985694905718,0.9999998807907247,0.9999985694905718,1.0,1.0,1.0,1.0,1.0,1.0,0.9999998807907247
0.9999963045256735,1.0,1.0,1.0,1.0,0.9999990463265931,1.0,0.9999986886995842,1.0,1.0
0.999998927117538,0.9999998807907247,1.0,1.0,1.0,1.0,1.0,1.0,0.9999998807907247,0.9999998807907247
0.9999982118638471,1.0,1.0,1.0,1.0,1.0,1.0,1.0,1.0,1.0
0.9999645960934689,1.0,1.0,1.0,1.0,1.0,1.0,1.0,1.0,1.0
0.9999724634116024,0.9999998807907247,1.0,0.9999998807907247,1.0,1.0,1.0,1.0,1.0,1.0
0.9999921322487634,0.9999998807907247,1.0,1.0,1.0,1.0,1.0,1.0,1.0,1.0
0.9999921322487634,1.0,1.0,1.0,1.0,1.0,1.0,1.0,1.0,1.0
0.9999963045256735,1.0,1.0,1.0,1.0,1.0,1.0,1.0,1.0,1.0
0.9999785427891018,0.9999997615814777,1.0,1.0,1.0,1.0,1.0,1.0,1.0,1.0
0.9999921322487634,0.9999995231630692,1.0,1.0,1.0,1.0,1.0,1.0,1.0,0.9999998807907247
0.9999833109787883,0.9999997615814777,0.9999996423722521,1.0,1.0,1.0,1.0,1.0,1.0,1.0
0.9999833109787883,1.0,1.0,1.0,1.0,1.0,1.0,1.0,1.0,1.0
0.9999982118638471,1.0,1.0,1.0,1.0,1.0,0.9999998807907247,0.9999990463265931,1.0,1.0
0.9999977350285647,1.0,1.0,1.0,1.0,1.0,1.0,1.0,1.0,1.0
0.9999977350285647,1.0,0.9999998807907247,1.0,1.0,1.0,1.0,1.0,1.0,1.0
0.9997965511486372,1.0,1.0,1.0,1.0,1.0,1.0,1.0,1.0,1.0
0.9999991655356624,1.0,1.0,1.0,1.0,1.0,1.0,1.0,1.0,1.0
0.999998927117538,0.9999998807907247,0.9999998807907247,1.0,1.0,1.0,1.0,1.0,1.0,1.0
0.11920291248514252,1.0,1.0,1.0,1.0,1.0,1.0,1.0,1.0,1.0
0.9999985694905718,1.0,1.0,1.0,1.0,1.0,1.0,0.9999998807907247,0.9999557753101334,0.9999994039539004
0.9999982118638471,0.9999938011552557,1.0,1.0,1.0,1.0,1.0,1.0,1.0,1.0
0.9999833109787883,0.9999996423722521,1.0,1.0,1.0,1.0,1.0,1.0,1.0,1.0
0.9999870063564401,1.0,1.0,1.0,1.0,5.805399459484211e-05,1.0,1.0,1.0,1.0
0.9997387615048174,1.0,1.0,1.0,1.0,1.0,0.9999998807907247,1.0,1.0,1.0
0.9999833109787883,1.0,1.0,1.0,1.0,1.0,1.0,1.0,0.9999998807907247,1.0
0.9999996423722521,0.9999991655356624,1.0,1.0,1.0,1.0,1.0,1.0,0.00015832069437426432,1.0
0.9999996423722521,1.0,1.0,1.0,1.0,1.0,1.0,1.0,0.9999998807907247,1.0
0.9999417100552707,1.0,1.0,1.0,1.0,1.0,0.9999998807907247,1.0,1.0,1.0
0.377540667992942,1.0,1.0,1.0,1.0,1.0,1.0,1.0,0.9999997615814777,1.0
0.9999870063564401,1.0,1.0,1.0,0.9999996423722521,1.0,1.0,1.0,1.0,1.0
0.9999952316511552,1.0,1.0,1.0,0.9999998807907247,1.0,1.0,1.0,1.0,1.0
0.9999963045256735,1.0,1.0,1.0,1.0,1.0,1.0,1.0,1.0,1.0
0.9999985694905718,1.0,1.0,1.0,1.0,1.0,1.0,1.0,1.0,1.0
0.9999833109787883,1.0,1.0,1.0,1.0,1.0,1.0,1.0,1.0,0.9999994039539004
0.9999952316511552,1.0,1.0,1.0,0.9999998807907247,1.0,1.0,1.0,1.0,1.0
0.9999985694905718,0.9999998807907247,1.0,0.9999998807907247,1.0,1.0,1.0,1.0,1.0,1.0
0.9999991655356624,0.9999998807907247,1.0,1.0,1.0,1.0,1.0,1.0,1.0,1.0
0.9999994039539004,1.0,1.0,1.0,1.0,1.0,1.0,0.9984987894978749,1.0,1.0
0.9999833109787883,1.0,1.0,1.0,1.0,1.0,1.0,1.0,1.0,1.0
0.9999921322487634,0.9999998807907247,1.0,1.0,1.0,1.0,1.0,1.0,1.0,1.0
0.9999417100552707,1.0,1.0,1.0,1.0,1.0,1.0,1.0,0.9999998807907247,1.0
0.999998927117538,1.0,1.0,1.0,1.0,1.0,1.0,1.0,1.0,0.9999985694905718
0.9999898673126559,0.9999998807907247,1.0,1.0,1.0,1.0,1.0,0.9999996423722521,1.0,1.0
0.9999645960934689,0.9999997615814777,1.0,1.0,1.0,1.0,1.0,1.0,1.0,1.0
0.9999039265409296,1.0,1.0,1.0,1.0,1.0,1.0,0.9999644768920447,0.9999996423722521,1.0
0.9999785427891018,1.0,1.0,1.0,1.0,1.0,1.0,0.9999998807907247,1.0,1.0
0.9999921322487634,0.9999997615814777,1.0,1.0,1.0,1.0,1.0,1.0,1.0,0.9999998807907247
0.999998927117538,1.0,1.0,1.0,1.0,1.0,1.0,1.0,0.9999997615814777,1.0
0.9999833109787883,1.0,1.0,1.0,0.9999998807907247,1.0,0.9999998807907247,1.0,1.0,1.0
0.9999994039539004,0.9999997615814777,1.0,1.0,0.9999797348316635,1.0,1.0,1.0,1.0,1.0
0.9999417100552707,1.0,1.0,1.0,1.0,0.9999998807907247,1.0,1.0,1.0,1.0
0.9999971389852362,0.9999998807907247,1.0,1.0,1.0,1.0,1.0,1.0,0.9999998807907247,1.0
0.9999971389852362,1.0,1.0,1.0,1.0,1.0,1.0,1.0,1.0,1.0
0.9999833109787883,0.9999979734461775,1.0,1.0,1.0,1.0,1.0,0.9999991655356624,1.0,1.0
0.9999971389852362,1.0,1.0,1.0,1.0,1.0,1.0,1.0,1.0,1.0
0.9999898673126559,1.0,1.0,1.0,1.0,1.0,1.0,1.0,1.0,0.9999996423722521
0.9999977350285647,1.0,1.0,1.0,1.0,1.0,0.9999998807907247,1.0,1.0,1.0
0.9999977350285647,1.0,1.0,1.0,1.0,1.0,1.0,1.0,1.0,1.0
0.9999977350285647,1.0,1.0,1.0,1.0,1.0,0.9999995231630692,1.0,1.0,1.0
0.999925142169393,0.9999998807907247,0.9999998807907247,1.0,1.0,1.0,1.0,1.0,1.0,1.0
0.9999952316511552,1.0,1.0,1.0,1.0,1.0,0.9999998807907247,1.0,1.0,1.0
0.9999724634116024,0.9999988079084972,1.0,1.0,1.0,1.0,1.0,1.0,1.0,1.0
0.9999645960934689,1.0,1.0,1.0,1.0,1.0,1.0,1.0,0.9999997615814777,1.0
0.9999921322487634,0.9999997615814777,1.0,1.0,1.0,1.0,1.0,1.0,0.9999998807907247,0.9999998807907247
0.999925142169393,0.9999998807907247,1.0,1.0,1.0,1.0,0.9999998807907247,1.0,1.0,1.0
0.9999039265409296,0.9999997615814777,1.0,0.9999991655356624,1.0,1.0,1.0,1.0,1.0,1.0
0.9999971389852362,0.9999997615814777,1.0,1.0,1.0,1.0,1.0,0.9999998807907247,1.0,1.0
0.9999994039539004,1.0,1.0,1.0,1.0,1.0,1.0,1.0,1.0,1.0
0.9988304957495425,0.9999979734461775,1.0,1.0,1.0,1.0,1.0,0.9999998807907247,1.0,1.0
0.999998927117538,1.0,1.0,1.0,1.0,1.0,1.0,1.0,1.0,1.0
0.9999870063564401,0.9999998807907247,1.0,1.0,1.0,1.0,1.0,1.0,1.0,0.9999979734461775
0.9999982118638471,1.0,1.0,1.0,1.0,1.0,1.0,1.0,1.0,0.9999998807907247
0.999998927117538,1.0,1.0,1.0,1.0,1.0,1.0,1.0,1.0,1.0
0.9984987894978749,1.0,1.0,1.0,1.0,1.0,1.0,1.0,1.0,1.0
0.9999921322487634,0.9999998807907247,1.0,1.0,1.0,1.0,1.0,1.0,0.9999997615814777,1.0
0.9999994039539004,0.9999998807907247,0.9999997615814777,1.0,1.0,1.0,1.0,1.0,1.0,1.0
0.9999985694905718,0.9999998807907247,1.0,1.0,1.0,1.0,1.0,1.0,1.0,1.0
0.9999985694905718,1.0,1.0,0.9999998807907247,1.0,0.999995112442896,0.9999996423722521,1.0,1.0,1.0
0.9999963045256735,0.9999998807907247,1.0,1.0,0.9999998807907247,1.0,0.9999991655356624,1.0,1.0,1.0
0.9999921322487634,0.9999998807907247,1.0,1.0,0.9999998807907247,1.0,1.0,1.0,1.0,1.0
0.999998927117538,1.0,1.0,1.0,1.0,1.0,1.0,1.0,1.0,0.9999998807907247
0.9999996423722521,0.9999994039539004,1.0,1.0,1.0,1.0,1.0,1.0,1.0,1.0
0.9999991655356624,1.0,1.0,1.0,1.0,1.0,1.0,1.0,1.0,1.0
0.9999724634116024,0.9999997615814777,1.0,1.0,1.0,1.0,1.0,1.0,1.0,1.0
0.9999977350285647,1.0,1.0,0.9999997615814777,1.0,1.0,1.0,1.0,1.0,1.0
0.9999982118638471,1.0,1.0,1.0,1.0,1.0,1.0,1.0,0.999998927117538,1.0
0.9999977350285647,1.0,1.0,1.0,1.0,1.0,1.0,0.9999997615814777,1.0,0.9999998807907247
0.9997965511486372,0.9999963045256735,0.9999583976891858,1.0,1.0,1.0,1.0,1.0,1.0,0.9999998807907247
0.9999898673126559,1.0,1.0,1.0,1.0,0.999940756491565,1.0,0.9999997615814777,1.0,1.0
